Timestamp,Side,Price,Quantity,Cash
2017-11-10,Buy,299.253,334.165,3.21374e+06
2017-11-11,Buy,314.681,334.165,3.21374e+06
2017-11-12,Buy,307.908,334.165,3.21374e+06
2017-11-13,Buy,316.716,334.165,3.21374e+06
2017-11-14,Buy,337.631,334.165,3.21374e+06
2017-11-15,Buy,333.357,334.165,3.21374e+06
2017-11-16,Buy,330.924,334.165,3.21374e+06
2017-11-17,Buy,332.394,334.165,3.21374e+06
2017-11-18,Buy,347.612,334.165,3.21374e+06
2017-11-19,Buy,354.386,334.165,3.21374e+06
2017-11-20,Buy,366.73,334.165,3.21374e+06
2017-11-21,Buy,360.401,334.165,3.21374e+06
2017-11-22,Buy,380.652,334.165,3.21374e+06
2017-11-23,Buy,410.166,334.165,3.21374e+06
2017-11-24,Buy,474.911,334.165,3.21374e+06
2017-11-25,Buy,466.276,334.165,3.21374e+06
2017-11-26,Buy,471.33,334.165,3.21374e+06
2017-11-27,Buy,480.355,334.165,3.21374e+06
2017-11-28,Buy,472.902,334.165,3.21374e+06
2017-11-29,Buy,427.523,334.165,3.21374e+06
2017-11-30,Buy,447.114,334.165,3.21374e+06
2017-12-01,Buy,466.54,334.165,3.21374e+06
2017-12-02,Buy,463.449,334.165,3.21374e+06
2017-12-03,Buy,465.853,334.165,3.21374e+06
2017-12-04,Buy,470.204,334.165,3.21374e+06
2017-12-05,Buy,463.281,334.165,3.21374e+06
2017-12-06,Buy,428.588,334.165,3.21374e+06
2017-12-07,Buy,434.408,334.165,3.21374e+06
2017-12-08,Buy,456.031,334.165,3.21374e+06
2017-12-09,Buy,473.502,334.165,3.21374e+06
2017-12-10,Buy,441.721,334.165,3.21374e+06
2017-12-11,Buy,515.136,334.165,3.21374e+06
2017-12-12,Buy,651.431,334.165,3.21374e+06
2017-12-13,Buy,702.767,334.165,3.21374e+06
2017-12-14,Buy,695.816,334.165,3.21374e+06
2017-12-15,Buy,684.448,334.165,3.21374e+06
2017-12-16,Buy,696.209,334.165,3.21374e+06
2017-12-17,Buy,719.975,334.165,3.21374e+06
2017-12-18,Buy,794.645,334.165,3.21374e+06
2017-12-19,Buy,826.823,334.165,3.21374e+06
2017-12-20,Buy,819.086,334.165,3.21374e+06
2017-12-21,Buy,821.063,334.165,3.21374e+06
2017-12-22,Buy,674.86,334.165,3.21374e+06
2017-12-23,Buy,719.387,334.165,3.21374e+06
2017-12-24,Buy,694.148,334.165,3.21374e+06
2017-12-25,Buy,765.834,334.165,3.21374e+06
2017-12-26,Buy,773.836,334.165,3.21374e+06
2017-12-27,Buy,762.842,334.165,3.21374e+06
2017-12-28,Buy,737.023,334.165,3.21374e+06
2017-12-29,Buy,753.592,334.165,3.21374e+06
2017-12-30,Buy,717.257,334.165,3.21374e+06
2017-12-31,Buy,756.733,334.165,3.21374e+06
2018-01-01,Buy,772.641,334.165,3.21374e+06
2018-01-02,Buy,884.444,334.165,3.21374e+06
2018-01-03,Buy,962.72,334.165,3.21374e+06
2018-01-04,Buy,980.922,334.165,3.21374e+06
2018-01-05,Buy,997.72,334.165,3.21374e+06
2018-01-06,Buy,1041.68,334.165,3.21374e+06
2018-01-07,Buy,1153.17,334.165,3.21374e+06
2018-01-08,Buy,1148.53,334.165,3.21374e+06
2018-01-09,Buy,1299.74,334.165,3.21374e+06
2018-01-10,Buy,1255.82,334.165,3.21374e+06
2018-01-11,Buy,1154.93,334.165,3.21374e+06
2018-01-12,Buy,1273.2,334.165,3.21374e+06
2018-01-13,Buy,1396.42,334.165,3.21374e+06
2018-01-14,Buy,1366.77,334.165,3.21374e+06
2018-01-15,Buy,1291.92,334.165,3.21374e+06
2018-01-16,Buy,1053.69,334.165,3.21374e+06
2018-01-17,Buy,1014.25,334.165,3.21374e+06
2018-01-18,Buy,1036.28,334.165,3.21374e+06
2018-01-19,Buy,1039.1,334.165,3.21374e+06
2018-01-20,Buy,1155.15,334.165,3.21374e+06
2018-01-21,Buy,1049.58,334.165,3.21374e+06
2018-01-22,Buy,1003.26,334.165,3.21374e+06
2018-01-23,Buy,986.229,334.165,3.21374e+06
2018-01-24,Sell,1058.78,0,3.21374e+06
2018-01-25,Sell,1056.03,0,3.21374e+06
2018-01-26,Sell,1055.17,0,3.21374e+06
2018-01-27,Sell,1107.07,0,3.21374e+06
2018-01-28,Sell,1246.01,0,3.21374e+06
2018-01-29,Sell,1182.36,0,3.21374e+06
2018-01-30,Buy,1071.13,330.313,3.21374e+06
2018-01-31,Buy,1118.31,330.313,3.21374e+06
2018-02-01,Sell,1036.79,0,3.21374e+06
2018-02-02,Sell,915.785,0,3.21374e+06
2018-02-03,Sell,964.019,0,3.21374e+06
2018-02-04,Sell,834.682,0,3.21374e+06
2018-02-05,Sell,697.951,0,3.21374e+06
2018-02-06,Sell,793.122,0,3.21374e+06
2018-02-07,Sell,757.068,0,3.21374e+06
2018-02-08,Sell,817.807,0,3.21374e+06
2018-02-09,Sell,883.865,0,3.21374e+06
2018-02-10,Sell,860.415,0,3.21374e+06
2018-02-11,Sell,814.66,0,3.21374e+06
2018-02-12,Sell,868.707,0,3.21374e+06
2018-02-13,Sell,845.258,0,3.21374e+06
2018-02-14,Sell,923.561,0,3.21374e+06
2018-02-15,Sell,936.976,0,3.21374e+06
2018-02-16,Sell,944.21,0,3.21374e+06
2018-02-17,Sell,974.115,0,3.21374e+06
2018-02-18,Sell,923.921,0,3.21374e+06
2018-02-19,Buy,943.865,362.832,3.21374e+06
2018-02-20,Sell,895.371,0,3.21374e+06
2018-02-21,Buy,849.971,382.213,3.21374e+06
2018-02-22,Sell,812.845,0,3.21374e+06
2018-02-23,Sell,864.189,0,3.21374e+06
2018-02-24,Sell,840.515,0,3.21374e+06
2018-02-25,Sell,844.81,0,3.21374e+06
2018-02-26,Sell,869.315,0,3.21374e+06
2018-02-27,Sell,878.265,0,3.21374e+06
2018-02-28,Buy,855.199,363.283,3.21374e+06
2018-03-01,Buy,872.2,363.283,3.21374e+06
2018-03-02,Sell,856.853,0,3.21374e+06
2018-03-03,Buy,857.225,363.126,3.21374e+06
2018-03-04,Sell,866.678,0,3.21374e+06
2018-03-05,Sell,853.684,0,3.21374e+06
2018-03-06,Sell,816.951,0,3.21374e+06
2018-03-07,Sell,752.831,0,3.21374e+06
2018-03-08,Sell,704.596,0,3.21374e+06
2018-03-09,Sell,728.916,0,3.21374e+06
2018-03-10,Sell,686.89,0,3.21374e+06
2018-03-11,Sell,723.339,0,3.21374e+06
2018-03-12,Sell,699.831,0,3.21374e+06
2018-03-13,Sell,690.827,0,3.21374e+06
2018-03-14,Sell,614.291,0,3.21374e+06
2018-03-15,Sell,611.304,0,3.21374e+06
2018-03-16,Sell,601.666,0,3.21374e+06
2018-03-17,Sell,552.779,0,3.21374e+06
2018-03-18,Sell,538.644,0,3.21374e+06
2018-03-19,Sell,556.726,0,3.21374e+06
2018-03-20,Sell,557.175,0,3.21374e+06
2018-03-21,Sell,561.732,0,3.21374e+06
2018-03-22,Sell,539.702,0,3.21374e+06
2018-03-23,Sell,539.619,0,3.21374e+06
2018-03-24,Sell,526.439,0,3.21374e+06
2018-03-25,Sell,524.287,0,3.21374e+06
2018-03-26,Sell,489.951,0,3.21374e+06
2018-03-27,Sell,450.116,0,3.21374e+06
2018-03-28,Sell,446.279,0,3.21374e+06
2018-03-29,Sell,385.968,0,3.21374e+06
2018-03-30,Sell,394.645,0,3.21374e+06
2018-03-31,Sell,396.457,0,3.21374e+06
2018-04-01,Sell,379.607,0,3.21374e+06
2018-04-02,Sell,386.425,0,3.21374e+06
2018-04-03,Sell,416.893,0,3.21374e+06
2018-04-04,Sell,380.543,0,3.21374e+06
2018-04-05,Sell,383.232,0,3.21374e+06
2018-04-06,Sell,370.285,0,3.21374e+06
2018-04-07,Sell,385.314,0,3.21374e+06
2018-04-08,Sell,400.508,0,3.21374e+06
2018-04-09,Sell,398.526,0,3.21374e+06
2018-04-10,Sell,414.243,0,3.21374e+06
2018-04-11,Sell,430.54,0,3.21374e+06
2018-04-12,Sell,492.941,0,3.21374e+06
2018-04-13,Sell,492.735,0,3.21374e+06
2018-04-14,Buy,501.478,627.571,3.21374e+06
2018-04-15,Buy,531.702,627.571,3.21374e+06
2018-04-16,Buy,511.147,627.571,3.21374e+06
2018-04-17,Buy,502.894,627.571,3.21374e+06
2018-04-18,Buy,524.789,627.571,3.21374e+06
2018-04-19,Buy,567.889,627.571,3.21374e+06
2018-04-20,Buy,615.718,627.571,3.21374e+06
2018-04-21,Buy,605.395,627.571,3.21374e+06
2018-04-22,Buy,621.86,627.571,3.21374e+06
2018-04-23,Buy,642.548,627.571,3.21374e+06
2018-04-24,Buy,708.158,627.571,3.21374e+06
2018-04-25,Buy,615.416,627.571,3.21374e+06
2018-04-26,Buy,662.809,627.571,3.21374e+06
2018-04-27,Buy,647.032,627.571,3.21374e+06
2018-04-28,Buy,683.678,627.571,3.21374e+06
2018-04-29,Buy,688.881,627.571,3.21374e+06
2018-04-30,Buy,669.924,627.571,3.21374e+06
2018-05-01,Buy,673.613,627.571,3.21374e+06
2018-05-02,Buy,687.149,627.571,3.21374e+06
2018-05-03,Buy,779.543,627.571,3.21374e+06
2018-05-04,Buy,785.624,627.571,3.21374e+06
2018-05-05,Buy,816.12,627.571,3.21374e+06
2018-05-06,Buy,792.311,627.571,3.21374e+06
2018-05-07,Buy,753.725,627.571,3.21374e+06
2018-05-08,Buy,752.857,627.571,3.21374e+06
2018-05-09,Buy,752.275,627.571,3.21374e+06
2018-05-10,Buy,727.277,627.571,3.21374e+06
2018-05-11,Buy,679.586,627.571,3.21374e+06
2018-05-12,Buy,686.048,627.571,3.21374e+06
2018-05-13,Buy,733.496,627.571,3.21374e+06
2018-05-14,Buy,730.549,627.571,3.21374e+06
2018-05-15,Buy,708.871,627.571,3.21374e+06
2018-05-16,Buy,707.05,627.571,3.21374e+06
2018-05-17,Buy,672.657,627.571,3.21374e+06
2018-05-18,Buy,694.367,627.571,3.21374e+06
2018-05-19,Sell,696.53,0,3.21374e+06
2018-05-20,Sell,715.369,0,3.21374e+06
2018-05-21,Sell,699.222,0,3.21374e+06
2018-05-22,Buy,647.741,674.841,3.21374e+06
2018-05-23,Sell,583.585,0,3.21374e+06
2018-05-24,Sell,601.755,0,3.21374e+06
2018-05-25,Sell,586.734,0,3.21374e+06
2018-05-26,Sell,587.28,0,3.21374e+06
2018-05-27,Sell,572.668,0,3.21374e+06
2018-05-28,Sell,516.036,0,3.21374e+06
2018-05-29,Sell,565.388,0,3.21374e+06
2018-05-30,Sell,559.59,0,3.21374e+06
2018-05-31,Sell,577.645,0,3.21374e+06
2018-06-01,Sell,580.043,0,3.21374e+06
2018-06-02,Sell,591.808,0,3.21374e+06
2018-06-03,Sell,618.329,0,3.21374e+06
2018-06-04,Sell,592.985,0,3.21374e+06
2018-06-05,Sell,609.303,0,3.21374e+06
2018-06-06,Sell,607.124,0,3.21374e+06
2018-06-07,Sell,605.187,0,3.21374e+06
2018-06-08,Sell,601.077,0,3.21374e+06
2018-06-09,Sell,597.562,0,3.21374e+06
2018-06-10,Sell,526.479,0,3.21374e+06
2018-06-11,Sell,533.284,0,3.21374e+06
2018-06-12,Sell,496.843,0,3.21374e+06
2018-06-13,Sell,477.494,0,3.21374e+06
2018-06-14,Sell,519.742,0,3.21374e+06
2018-06-15,Sell,491.004,0,3.21374e+06
2018-06-16,Sell,499.642,0,3.21374e+06
2018-06-17,Sell,500.448,0,3.21374e+06
2018-06-18,Sell,518.891,0,3.21374e+06
2018-06-19,Sell,537.957,0,3.21374e+06
2018-06-20,Sell,536.268,0,3.21374e+06
2018-06-21,Sell,527.367,0,3.21374e+06
2018-06-22,Sell,465.817,0,3.21374e+06
2018-06-23,Sell,474.52,0,3.21374e+06
2018-06-24,Sell,457.672,0,3.21374e+06
2018-06-25,Sell,460.31,0,3.21374e+06
2018-06-26,Sell,432.772,0,3.21374e+06
2018-06-27,Sell,442.365,0,3.21374e+06
2018-06-28,Sell,422.365,0,3.21374e+06
2018-06-29,Sell,436.009,0,3.21374e+06
2018-06-30,Sell,455.18,0,3.21374e+06
2018-07-01,Sell,453.918,0,3.21374e+06
2018-07-02,Sell,475.347,0,3.21374e+06
2018-07-03,Sell,464.195,0,3.21374e+06
2018-07-04,Sell,467.318,0,3.21374e+06
2018-07-05,Sell,474.412,0,3.21374e+06
2018-07-06,Sell,474.012,0,3.21374e+06
2018-07-07,Sell,491.66,0,3.21374e+06
2018-07-08,Sell,489.119,0,3.21374e+06
2018-07-09,Buy,476.682,826.184,3.21374e+06
2018-07-10,Buy,434.424,826.184,3.21374e+06
2018-07-11,Sell,446.518,0,3.21374e+06
2018-07-12,Sell,430.074,0,3.21374e+06
2018-07-13,Sell,434.027,0,3.21374e+06
2018-07-14,Sell,436.086,0,3.21374e+06
2018-07-15,Sell,449.85,0,3.21374e+06
2018-07-16,Sell,480.658,0,3.21374e+06
2018-07-17,Sell,501.002,0,3.21374e+06
2018-07-18,Buy,480.513,767.734,3.21374e+06
2018-07-19,Buy,469.619,767.734,3.21374e+06
2018-07-20,Buy,450.698,767.734,3.21374e+06
2018-07-21,Buy,462.436,767.734,3.21374e+06
2018-07-22,Sell,459.657,0,3.21374e+06
2018-07-23,Buy,450.853,782.725,3.21374e+06
2018-07-24,Sell,479.373,0,3.21374e+06
2018-07-25,Sell,472.493,0,3.21374e+06
2018-07-26,Buy,464.037,808.594,3.21374e+06
2018-07-27,Buy,469.666,808.594,3.21374e+06
2018-07-28,Sell,466.898,0,3.21374e+06
2018-07-29,Buy,466.665,808.997,3.21374e+06
2018-07-30,Buy,457.081,808.997,3.21374e+06
2018-07-31,Buy,433.867,808.997,3.21374e+06
2018-08-01,Sell,420.747,0,3.21374e+06
2018-08-02,Sell,412.621,0,3.21374e+06
2018-08-03,Sell,418.262,0,3.21374e+06
2018-08-04,Sell,407.252,0,3.21374e+06
2018-08-05,Sell,410.516,0,3.21374e+06
2018-08-06,Sell,406.658,0,3.21374e+06
2018-08-07,Sell,380.215,0,3.21374e+06
2018-08-08,Sell,356.613,0,3.21374e+06
2018-08-09,Sell,365.588,0,3.21374e+06
2018-08-10,Sell,334.176,0,3.21374e+06
2018-08-11,Sell,322.112,0,3.21374e+06
2018-08-12,Sell,319.57,0,3.21374e+06
2018-08-13,Sell,286.495,0,3.21374e+06
2018-08-14,Sell,278.932,0,3.21374e+06
2018-08-15,Sell,282.364,0,3.21374e+06
2018-08-16,Sell,288.046,0,3.21374e+06
2018-08-17,Sell,315.729,0,3.21374e+06
2018-08-18,Sell,295.812,0,3.21374e+06
2018-08-19,Sell,300.834,0,3.21374e+06
2018-08-20,Sell,274.315,0,3.21374e+06
2018-08-21,Sell,281.944,0,3.21374e+06
2018-08-22,Sell,271.341,0,3.21374e+06
2018-08-23,Sell,277.104,0,3.21374e+06
2018-08-24,Sell,282.967,0,3.21374e+06
2018-08-25,Sell,279.646,0,3.21374e+06
2018-08-26,Sell,275.197,0,3.21374e+06
2018-08-27,Sell,285.603,0,3.21374e+06
2018-08-28,Sell,296.499,0,3.21374e+06
2018-08-29,Sell,289.312,0,3.21374e+06
2018-08-30,Sell,284.105,0,3.21374e+06
2018-08-31,Sell,283.004,0,3.21374e+06
2018-09-01,Sell,295.341,0,3.21374e+06
2018-09-02,Sell,294.371,0,3.21374e+06
2018-09-03,Sell,289.259,0,3.21374e+06
2018-09-04,Buy,285.723,1191.31,3.21374e+06
2018-09-05,Sell,232.331,0,3.21374e+06
2018-09-06,Sell,230.215,0,3.21374e+06
2018-09-07,Sell,217.203,0,3.21374e+06
2018-09-08,Sell,197.951,0,3.21374e+06
2018-09-09,Sell,196.924,0,3.21374e+06
2018-09-10,Sell,197.079,0,3.21374e+06
2018-09-11,Sell,185.066,0,3.21374e+06
2018-09-12,Sell,183.331,0,3.21374e+06
2018-09-13,Sell,211.354,0,3.21374e+06
2018-09-14,Sell,211.749,0,3.21374e+06
2018-09-15,Sell,223.074,0,3.21374e+06
2018-09-16,Sell,220.589,0,3.21374e+06
2018-09-17,Sell,197.875,0,3.21374e+06
2018-09-18,Sell,209.975,0,3.21374e+06
2018-09-19,Sell,209.969,0,3.21374e+06
2018-09-20,Sell,224.591,0,3.21374e+06
2018-09-21,Sell,246.584,0,3.21374e+06
2018-09-22,Sell,240.48,0,3.21374e+06
2018-09-23,Buy,244.33,1132.8,3.21374e+06
2018-09-24,Buy,228.73,1132.8,3.21374e+06
2018-09-25,Buy,218.505,1132.8,3.21374e+06
2018-09-26,Sell,215.847,0,3.21374e+06
2018-09-27,Sell,228.494,0,3.21374e+06
2018-09-28,Sell,222.402,0,3.21374e+06
2018-09-29,Buy,231.635,1055.59,3.21374e+06
2018-09-30,Buy,232.848,1055.59,3.21374e+06
2018-10-01,Buy,230.768,1055.59,3.21374e+06
2018-10-02,Buy,227.181,1055.59,3.21374e+06
2018-10-03,Buy,220.489,1055.59,3.21374e+06
2018-10-04,Buy,222.218,1055.59,3.21374e+06
2018-10-05,Buy,227.601,1055.59,3.21374e+06
2018-10-06,Buy,225.12,1055.59,3.21374e+06
2018-10-07,Buy,226.119,1055.59,3.21374e+06
2018-10-08,Buy,229.255,1055.59,3.21374e+06
2018-10-09,Buy,227.982,1055.59,3.21374e+06
2018-10-10,Buy,225.769,1055.59,3.21374e+06
2018-10-11,Buy,189.499,1055.59,3.21374e+06
2018-10-12,Buy,196.727,1055.59,3.21374e+06
2018-10-13,Sell,199.841,0,3.21374e+06
2018-10-14,Sell,195.715,0,3.21374e+06
2018-10-15,Sell,209.704,0,3.21374e+06
2018-10-16,Sell,210.12,0,3.21374e+06
2018-10-17,Sell,207.083,0,3.21374e+06
2018-10-18,Sell,203.352,0,3.21374e+06
2018-10-19,Sell,203.727,0,3.21374e+06
2018-10-20,Sell,205.43,0,3.21374e+06
2018-10-21,Sell,205.142,0,3.21374e+06
2018-10-22,Sell,204.044,0,3.21374e+06
2018-10-23,Sell,204.336,0,3.21374e+06
2018-10-24,Sell,203.852,0,3.21374e+06
2018-10-25,Sell,202.719,0,3.21374e+06
2018-10-26,Sell,203.329,0,3.21374e+06
2018-10-27,Sell,204.21,0,3.21374e+06
2018-10-28,Sell,205.366,0,3.21374e+06
2018-10-29,Sell,197.247,0,3.21374e+06
2018-10-30,Sell,197.556,0,3.21374e+06
2018-10-31,Sell,197.381,0,3.21374e+06
2018-11-01,Sell,198.872,0,3.21374e+06
2018-11-02,Sell,200.635,0,3.21374e+06
2018-11-03,Sell,200.186,0,3.21374e+06
2018-11-04,Sell,207.486,0,3.21374e+06
2018-11-05,Sell,209.091,0,3.21374e+06
2018-11-06,Buy,218.452,965.659,3.21374e+06
2018-11-07,Buy,217.183,965.659,3.21374e+06
2018-11-08,Buy,212.231,965.659,3.21374e+06
2018-11-09,Buy,210.074,965.659,3.21374e+06
2018-11-10,Buy,212.533,965.659,3.21374e+06
2018-11-11,Buy,211.34,965.659,3.21374e+06
2018-11-12,Buy,210.418,965.659,3.21374e+06
2018-11-13,Buy,206.826,965.659,3.21374e+06
2018-11-14,Buy,181.397,965.659,3.21374e+06
2018-11-15,Buy,180.806,965.659,3.21374e+06
2018-11-16,Sell,175.177,0,3.21374e+06
2018-11-17,Sell,174.001,0,3.21374e+06
2018-11-18,Sell,177.067,0,3.21374e+06
2018-11-19,Sell,149.175,0,3.21374e+06
2018-11-20,Sell,130.339,0,3.21374e+06
2018-11-21,Sell,136.701,0,3.21374e+06
2018-11-22,Sell,126.706,0,3.21374e+06
2018-11-23,Sell,123.296,0,3.21374e+06
2018-11-24,Sell,113.494,0,3.21374e+06
2018-11-25,Sell,116.45,0,3.21374e+06
2018-11-26,Sell,108.335,0,3.21374e+06
2018-11-27,Sell,110.01,0,3.21374e+06
2018-11-28,Sell,122.438,0,3.21374e+06
2018-11-29,Sell,117.543,0,3.21374e+06
2018-11-30,Sell,113.171,0,3.21374e+06
2018-12-01,Sell,118.636,0,3.21374e+06
2018-12-02,Sell,116.389,0,3.21374e+06
2018-12-03,Sell,108.925,0,3.21374e+06
2018-12-04,Sell,110.214,0,3.21374e+06
2018-12-05,Sell,102.476,0,3.21374e+06
2018-12-06,Sell,91.7611,0,3.21374e+06
2018-12-07,Sell,93.2946,0,3.21374e+06
2018-12-08,Sell,92.1596,0,3.21374e+06
2018-12-09,Sell,95.1421,0,3.21374e+06
2018-12-10,Sell,91.6857,0,3.21374e+06
2018-12-11,Sell,88.9453,0,3.21374e+06
2018-12-12,Sell,90.5933,0,3.21374e+06
2018-12-13,Sell,86.5393,0,3.21374e+06
2018-12-14,Sell,84.3083,0,3.21374e+06
2018-12-15,Sell,84.4408,0,3.21374e+06
2018-12-16,Sell,85.2621,0,3.21374e+06
2018-12-17,Sell,95.1338,0,3.21374e+06
2018-12-18,Sell,101.112,0,3.21374e+06
2018-12-19,Sell,101.269,0,3.21374e+06
2018-12-20,Buy,116.217,1455.57,3.21374e+06
2018-12-21,Buy,109.496,1455.57,3.21374e+06
2018-12-22,Buy,116.759,1455.57,3.21374e+06
2018-12-23,Buy,130.765,1455.57,3.21374e+06
2018-12-24,Buy,140.238,1455.57,3.21374e+06
2018-12-25,Buy,129.844,1455.57,3.21374e+06
2018-12-26,Buy,131.866,1455.57,3.21374e+06
2018-12-27,Buy,116.576,1455.57,3.21374e+06
2018-12-28,Buy,137.647,1455.57,3.21374e+06
2018-12-29,Buy,138.018,1455.57,3.21374e+06
2018-12-30,Buy,139.859,1455.57,3.21374e+06
2018-12-31,Buy,133.368,1455.57,3.21374e+06
2019-01-01,Buy,140.819,1455.57,3.21374e+06
2019-01-02,Buy,155.048,1455.57,3.21374e+06
2019-01-03,Buy,149.135,1455.57,3.21374e+06
2019-01-04,Buy,154.582,1455.57,3.21374e+06
2019-01-05,Buy,155.639,1455.57,3.21374e+06
2019-01-06,Buy,157.746,1455.57,3.21374e+06
2019-01-07,Buy,151.699,1455.57,3.21374e+06
2019-01-08,Buy,150.36,1455.57,3.21374e+06
2019-01-09,Buy,150.803,1455.57,3.21374e+06
2019-01-10,Buy,128.625,1455.57,3.21374e+06
2019-01-11,Buy,127.548,1455.57,3.21374e+06
2019-01-12,Sell,125.967,0,3.21374e+06
2019-01-13,Sell,116.898,0,3.21374e+06
2019-01-14,Sell,129.069,0,3.21374e+06
2019-01-15,Sell,122.033,0,3.21374e+06
2019-01-16,Sell,123.547,0,3.21374e+06
2019-01-17,Sell,123.742,0,3.21374e+06
2019-01-18,Sell,121.01,0,3.21374e+06
2019-01-19,Sell,124.519,0,3.21374e+06
2019-01-20,Sell,119.475,0,3.21374e+06
2019-01-21,Sell,117.158,0,3.21374e+06
2019-01-22,Sell,118.748,0,3.21374e+06
2019-01-23,Sell,117.453,0,3.21374e+06
2019-01-24,Sell,117.363,0,3.21374e+06
2019-01-25,Sell,116.378,0,3.21374e+06
2019-01-26,Sell,116.489,0,3.21374e+06
2019-01-27,Sell,113.405,0,3.21374e+06
2019-01-28,Sell,106.59,0,3.21374e+06
2019-01-29,Sell,105.598,0,3.21374e+06
2019-01-30,Sell,108.908,0,3.21374e+06
2019-01-31,Sell,107.061,0,3.21374e+06
2019-02-01,Sell,107.61,0,3.21374e+06
2019-02-02,Sell,110.43,0,3.21374e+06
2019-02-03,Sell,107.493,0,3.21374e+06
2019-02-04,Sell,107.822,0,3.21374e+06
2019-02-05,Sell,107.444,0,3.21374e+06
2019-02-06,Sell,104.919,0,3.21374e+06
2019-02-07,Sell,104.535,0,3.21374e+06
2019-02-08,Sell,119.268,0,3.21374e+06
2019-02-09,Sell,119.431,0,3.21374e+06
2019-02-10,Buy,124.806,1469.09,3.21374e+06
2019-02-11,Buy,121.298,1469.09,3.21374e+06
2019-02-12,Buy,122.572,1469.09,3.21374e+06
2019-02-13,Buy,122.554,1469.09,3.21374e+06
2019-02-14,Buy,121.39,1469.09,3.21374e+06
2019-02-15,Buy,122.1,1469.09,3.21374e+06
2019-02-16,Buy,123.26,1469.09,3.21374e+06
2019-02-17,Buy,133.599,1469.09,3.21374e+06
2019-02-18,Buy,146.098,1469.09,3.21374e+06
2019-02-19,Buy,145.346,1469.09,3.21374e+06
2019-02-20,Buy,149.554,1469.09,3.21374e+06
2019-02-21,Buy,146.131,1469.09,3.21374e+06
2019-02-22,Buy,149.092,1469.09,3.21374e+06
2019-02-23,Buy,158.795,1469.09,3.21374e+06
2019-02-24,Buy,135.853,1469.09,3.21374e+06
2019-02-25,Buy,139.823,1469.09,3.21374e+06
2019-02-26,Buy,138.09,1469.09,3.21374e+06
2019-02-27,Buy,136.126,1469.09,3.21374e+06
2019-02-28,Buy,136.746,1469.09,3.21374e+06
2019-03-01,Buy,136.444,1469.09,3.21374e+06
2019-03-02,Buy,134.207,1469.09,3.21374e+06
2019-03-03,Buy,132.249,1469.09,3.21374e+06
2019-03-04,Buy,127.774,1469.09,3.21374e+06
2019-03-05,Sell,137.822,0,3.21374e+06
2019-03-06,Sell,138.789,0,3.21374e+06
2019-03-07,Buy,138.035,1466.84,3.21374e+06
2019-03-08,Buy,135.127,1466.84,3.21374e+06
2019-03-09,Buy,137.965,1466.84,3.21374e+06
2019-03-10,Sell,136.759,0,3.21374e+06
2019-03-11,Buy,133.834,1498.89,3.21374e+06
2019-03-12,Sell,134.443,0,3.21374e+06
2019-03-13,Sell,133.263,0,3.21374e+06
2019-03-14,Sell,133.712,0,3.21374e+06
2019-03-15,Sell,137.692,0,3.21374e+06
2019-03-16,Sell,142.398,0,3.21374e+06
2019-03-17,Sell,140.001,0,3.21374e+06
2019-03-18,Buy,139.375,1445.85,3.21374e+06
2019-03-19,Buy,140.519,1445.85,3.21374e+06
2019-03-20,Buy,140.686,1445.85,3.21374e+06
2019-03-21,Buy,136.636,1445.85,3.21374e+06
2019-03-22,Buy,137.181,1445.85,3.21374e+06
2019-03-23,Sell,138.24,0,3.21374e+06
2019-03-24,Buy,136.987,1459.08,3.21374e+06
2019-03-25,Buy,135.031,1459.08,3.21374e+06
2019-03-26,Buy,135.46,1459.08,3.21374e+06
2019-03-27,Sell,140.988,0,3.21374e+06
2019-03-28,Sell,139.416,0,3.21374e+06
2019-03-29,Buy,142.497,1443.62,3.21374e+06
2019-03-30,Buy,142.093,1443.62,3.21374e+06
2019-03-31,Buy,141.514,1443.62,3.21374e+06
2019-04-01,Buy,141.83,1443.62,3.21374e+06
2019-04-02,Buy,163.962,1443.62,3.21374e+06
2019-04-03,Buy,161.459,1443.62,3.21374e+06
2019-04-04,Buy,158.053,1443.62,3.21374e+06
2019-04-05,Buy,165.515,1443.62,3.21374e+06
2019-04-06,Buy,165.947,1443.62,3.21374e+06
2019-04-07,Buy,174.532,1443.62,3.21374e+06
2019-04-08,Buy,180.259,1443.62,3.21374e+06
2019-04-09,Buy,176.115,1443.62,3.21374e+06
2019-04-10,Buy,177.337,1443.62,3.21374e+06
2019-04-11,Buy,165.497,1443.62,3.21374e+06
2019-04-12,Buy,164.736,1443.62,3.21374e+06
2019-04-13,Buy,164.513,1443.62,3.21374e+06
2019-04-14,Buy,167.839,1443.62,3.21374e+06
2019-04-15,Buy,161.574,1443.62,3.21374e+06
2019-04-16,Buy,167.623,1443.62,3.21374e+06
2019-04-17,Buy,166.951,1443.62,3.21374e+06
2019-04-18,Buy,173.814,1443.62,3.21374e+06
2019-04-19,Buy,173.708,1443.62,3.21374e+06
2019-04-20,Buy,173.751,1443.62,3.21374e+06
2019-04-21,Buy,170.047,1443.62,3.21374e+06
2019-04-22,Buy,171.875,1443.62,3.21374e+06
2019-04-23,Buy,171.448,1443.62,3.21374e+06
2019-04-24,Buy,165.826,1443.62,3.21374e+06
2019-04-25,Buy,154.459,1443.62,3.21374e+06
2019-04-26,Sell,156.347,0,3.21374e+06
2019-04-27,Sell,158.435,0,3.21374e+06
2019-04-28,Sell,157.295,0,3.21374e+06
2019-04-29,Sell,155.202,0,3.21374e+06
2019-04-30,Sell,162.166,0,3.21374e+06
2019-05-01,Sell,160.818,0,3.21374e+06
2019-05-02,Sell,162.123,0,3.21374e+06
2019-05-03,Sell,167.952,0,3.21374e+06
2019-05-04,Sell,164.027,0,3.21374e+06
2019-05-05,Buy,163.451,1380.88,3.21374e+06
2019-05-06,Sell,172.653,0,3.21374e+06
2019-05-07,Sell,169.799,0,3.21374e+06
2019-05-08,Buy,170.948,1394.66,3.21374e+06
2019-05-09,Buy,170.289,1394.66,3.21374e+06
2019-05-10,Buy,173.143,1394.66,3.21374e+06
2019-05-11,Buy,194.304,1394.66,3.21374e+06
2019-05-12,Buy,187.325,1394.66,3.21374e+06
2019-05-13,Buy,196.846,1394.66,3.21374e+06
2019-05-14,Buy,217.149,1394.66,3.21374e+06
2019-05-15,Buy,247.153,1394.66,3.21374e+06
2019-05-16,Buy,264.01,1394.66,3.21374e+06
2019-05-17,Buy,243.765,1394.66,3.21374e+06
2019-05-18,Buy,234.595,1394.66,3.21374e+06
2019-05-19,Buy,261.292,1394.66,3.21374e+06
2019-05-20,Buy,251.864,1394.66,3.21374e+06
2019-05-21,Buy,255.216,1394.66,3.21374e+06
2019-05-22,Buy,244.699,1394.66,3.21374e+06
2019-05-23,Buy,245.966,1394.66,3.21374e+06
2019-05-24,Buy,249.485,1394.66,3.21374e+06
2019-05-25,Buy,251.76,1394.66,3.21374e+06
2019-05-26,Buy,267.07,1394.66,3.21374e+06
2019-05-27,Buy,272.863,1394.66,3.21374e+06
2019-05-28,Buy,271.769,1394.66,3.21374e+06
2019-05-29,Buy,269.456,1394.66,3.21374e+06
2019-05-30,Buy,255.859,1394.66,3.21374e+06
2019-05-31,Buy,268.114,1394.66,3.21374e+06
2019-06-01,Buy,265.391,1394.66,3.21374e+06
2019-06-02,Buy,270.226,1394.66,3.21374e+06
2019-06-03,Buy,252.608,1394.66,3.21374e+06
2019-06-04,Buy,241.339,1394.66,3.21374e+06
2019-06-05,Buy,247.051,1394.66,3.21374e+06
2019-06-06,Sell,249.474,0,3.21374e+06
2019-06-07,Sell,250.93,0,3.21374e+06
2019-06-08,Sell,245.738,0,3.21374e+06
2019-06-09,Sell,233.087,0,3.21374e+06
2019-06-10,Sell,247.52,0,3.21374e+06
2019-06-11,Sell,245.782,0,3.21374e+06
2019-06-12,Sell,260.903,0,3.21374e+06
2019-06-13,Sell,256.169,0,3.21374e+06
2019-06-14,Buy,264.087,1317.48,3.21374e+06
2019-06-15,Buy,269.019,1317.48,3.21374e+06
2019-06-16,Buy,269.223,1317.48,3.21374e+06
2019-06-17,Buy,274.351,1317.48,3.21374e+06
2019-06-18,Buy,265.052,1317.48,3.21374e+06
2019-06-19,Buy,269.432,1317.48,3.21374e+06
2019-06-20,Buy,271.695,1317.48,3.21374e+06
2019-06-21,Buy,294.91,1317.48,3.21374e+06
2019-06-22,Buy,309.38,1317.48,3.21374e+06
2019-06-23,Buy,307.828,1317.48,3.21374e+06
2019-06-24,Buy,310.425,1317.48,3.21374e+06
2019-06-25,Buy,318.126,1317.48,3.21374e+06
2019-06-26,Buy,336.753,1317.48,3.21374e+06
2019-06-27,Buy,294.268,1317.48,3.21374e+06
2019-06-28,Buy,311.226,1317.48,3.21374e+06
2019-06-29,Buy,320.059,1317.48,3.21374e+06
2019-06-30,Buy,290.696,1317.48,3.21374e+06
2019-07-01,Buy,293.641,1317.48,3.21374e+06
2019-07-02,Buy,291.596,1317.48,3.21374e+06
2019-07-03,Buy,303.1,1317.48,3.21374e+06
2019-07-04,Buy,284.523,1317.48,3.21374e+06
2019-07-05,Buy,287.998,1317.48,3.21374e+06
2019-07-06,Sell,287.547,0,3.21374e+06
2019-07-07,Sell,305.701,0,3.21374e+06
2019-07-08,Sell,313.251,0,3.21374e+06
2019-07-09,Buy,308.881,1226.49,3.21374e+06
2019-07-10,Buy,290.002,1226.49,3.21374e+06
2019-07-11,Buy,268.704,1226.49,3.21374e+06
2019-07-12,Sell,276.277,0,3.21374e+06
2019-07-13,Sell,269.459,0,3.21374e+06
2019-07-14,Sell,227.578,0,3.21374e+06
2019-07-15,Sell,229.776,0,3.21374e+06
2019-07-16,Sell,199.189,0,3.21374e+06
2019-07-17,Sell,211.485,0,3.21374e+06
2019-07-18,Sell,226.566,0,3.21374e+06
2019-07-19,Sell,221.333,0,3.21374e+06
2019-07-20,Sell,229.119,0,3.21374e+06
2019-07-21,Sell,225.631,0,3.21374e+06
2019-07-22,Sell,217.56,0,3.21374e+06
2019-07-23,Sell,212.729,0,3.21374e+06
2019-07-24,Sell,217.046,0,3.21374e+06
2019-07-25,Sell,219.618,0,3.21374e+06
2019-07-26,Sell,219.63,0,3.21374e+06
2019-07-27,Sell,207.408,0,3.21374e+06
2019-07-28,Sell,211.187,0,3.21374e+06
2019-07-29,Sell,211.268,0,3.21374e+06
2019-07-30,Sell,210.523,0,3.21374e+06
2019-07-31,Sell,218.654,0,3.21374e+06
2019-08-01,Sell,217.808,0,3.21374e+06
2019-08-02,Sell,217.872,0,3.21374e+06
2019-08-03,Sell,222.49,0,3.21374e+06
2019-08-04,Sell,222.67,0,3.21374e+06
2019-08-05,Sell,234.215,0,3.21374e+06
2019-08-06,Sell,226.021,0,3.21374e+06
2019-08-07,Buy,226.391,1496.75,3.21374e+06
2019-08-08,Buy,220.942,1496.75,3.21374e+06
2019-08-09,Buy,210.489,1496.75,3.21374e+06
2019-08-10,Buy,206.734,1496.75,3.21374e+06
2019-08-11,Sell,216.093,0,3.21374e+06
2019-08-12,Sell,211.288,0,3.21374e+06
2019-08-13,Sell,208.709,0,3.21374e+06
2019-08-14,Sell,186.608,0,3.21374e+06
2019-08-15,Sell,188.502,0,3.21374e+06
2019-08-16,Sell,185.44,0,3.21374e+06
2019-08-17,Sell,185.688,0,3.21374e+06
2019-08-18,Sell,194.494,0,3.21374e+06
2019-08-19,Sell,203.092,0,3.21374e+06
2019-08-20,Sell,196.565,0,3.21374e+06
2019-08-21,Sell,186.892,0,3.21374e+06
2019-08-22,Sell,191.333,0,3.21374e+06
2019-08-23,Sell,194.706,0,3.21374e+06
2019-08-24,Sell,191.29,0,3.21374e+06
2019-08-25,Sell,186.842,0,3.21374e+06
2019-08-26,Sell,188.929,0,3.21374e+06
2019-08-27,Sell,187.517,0,3.21374e+06
2019-08-28,Sell,173.89,0,3.21374e+06
2019-08-29,Sell,169.517,0,3.21374e+06
2019-08-30,Sell,168.835,0,3.21374e+06
2019-08-31,Sell,172.47,0,3.21374e+06
2019-09-01,Sell,171.629,0,3.21374e+06
2019-09-02,Sell,178.347,0,3.21374e+06
2019-09-03,Sell,179.499,0,3.21374e+06
2019-09-04,Sell,175.993,0,3.21374e+06
2019-09-05,Sell,174.217,0,3.21374e+06
2019-09-06,Sell,169.956,0,3.21374e+06
2019-09-07,Sell,178.263,0,3.21374e+06
2019-09-08,Sell,181.356,0,3.21374e+06
2019-09-09,Sell,181.149,0,3.21374e+06
2019-09-10,Sell,179.787,0,3.21374e+06
2019-09-11,Sell,178.725,0,3.21374e+06
2019-09-12,Sell,181.016,0,3.21374e+06
2019-09-13,Sell,181.11,0,3.21374e+06
2019-09-14,Sell,188.106,0,3.21374e+06
2019-09-15,Buy,189.789,1704.19,3.21374e+06
2019-09-16,Buy,197.113,1704.19,3.21374e+06
2019-09-17,Buy,208.609,1704.19,3.21374e+06
2019-09-18,Buy,211.393,1704.19,3.21374e+06
2019-09-19,Buy,221.281,1704.19,3.21374e+06
2019-09-20,Buy,218.05,1704.19,3.21374e+06
2019-09-21,Buy,215.516,1704.19,3.21374e+06
2019-09-22,Buy,211.545,1704.19,3.21374e+06
2019-09-23,Buy,201.921,1704.19,3.21374e+06
2019-09-24,Buy,168.111,1704.19,3.21374e+06
2019-09-25,Buy,170.893,1704.19,3.21374e+06
2019-09-26,Sell,166.727,0,3.21374e+06
2019-09-27,Sell,174.711,0,3.21374e+06
2019-09-28,Sell,174.573,0,3.21374e+06
2019-09-29,Sell,170.503,0,3.21374e+06
2019-09-30,Sell,179.872,0,3.21374e+06
2019-10-01,Sell,177.34,0,3.21374e+06
2019-10-02,Sell,180.711,0,3.21374e+06
2019-10-03,Sell,175.199,0,3.21374e+06
2019-10-04,Sell,176.985,0,3.21374e+06
2019-10-05,Sell,176.352,0,3.21374e+06
2019-10-06,Sell,173.059,0,3.21374e+06
2019-10-07,Sell,181.186,0,3.21374e+06
2019-10-08,Sell,182.022,0,3.21374e+06
2019-10-09,Sell,193.293,0,3.21374e+06
2019-10-10,Sell,191.66,0,3.21374e+06
2019-10-11,Buy,182.57,1556.31,3.21374e+06
2019-10-12,Buy,180.827,1556.31,3.21374e+06
2019-10-13,Sell,182.075,0,3.21374e+06
2019-10-14,Sell,186.961,0,3.21374e+06
2019-10-15,Sell,181.406,0,3.21374e+06
2019-10-16,Buy,176.014,1609.9,3.21374e+06
2019-10-17,Sell,178.028,0,3.21374e+06
2019-10-18,Sell,173.621,0,3.21374e+06
2019-10-19,Sell,172.913,0,3.21374e+06
2019-10-20,Sell,175.534,0,3.21374e+06
2019-10-21,Sell,174.921,0,3.21374e+06
2019-10-22,Sell,172.301,0,3.21374e+06
2019-10-23,Sell,162.403,0,3.21374e+06
2019-10-24,Sell,162.169,0,3.21374e+06
2019-10-25,Sell,181.523,0,3.21374e+06
2019-10-26,Sell,179.835,0,3.21374e+06
2019-10-27,Buy,184.242,1555.61,3.21374e+06
2019-10-28,Buy,182.663,1555.61,3.21374e+06
2019-10-29,Buy,190.343,1555.61,3.21374e+06
2019-10-30,Buy,184.692,1555.61,3.21374e+06
2019-10-31,Buy,183.967,1555.61,3.21374e+06
2019-11-01,Buy,183.97,1555.61,3.21374e+06
2019-11-02,Buy,183.926,1555.61,3.21374e+06
2019-11-03,Buy,182.425,1555.61,3.21374e+06
2019-11-04,Buy,186.355,1555.61,3.21374e+06
2019-11-05,Buy,189.304,1555.61,3.21374e+06
2019-11-06,Buy,191.594,1555.61,3.21374e+06
2019-11-07,Buy,187.977,1555.61,3.21374e+06
2019-11-08,Buy,184.211,1555.61,3.21374e+06
2019-11-09,Buy,185.029,1555.61,3.21374e+06
2019-11-10,Buy,189.477,1555.61,3.21374e+06
2019-11-11,Buy,185.49,1555.61,3.21374e+06
2019-11-12,Buy,186.843,1555.61,3.21374e+06
2019-11-13,Buy,188.259,1555.61,3.21374e+06
2019-11-14,Buy,186,1555.61,3.21374e+06
2019-11-15,Buy,180.521,1555.61,3.21374e+06
2019-11-16,Buy,183.348,1555.61,3.21374e+06
2019-11-17,Sell,185.119,0,3.21374e+06
2019-11-18,Sell,180.56,0,3.21374e+06
2019-11-19,Buy,177.456,1622.79,3.21374e+06
2019-11-20,Sell,175.698,0,3.21374e+06
2019-11-21,Sell,161.463,0,3.21374e+06
2019-11-22,Sell,150.268,0,3.21374e+06
2019-11-23,Sell,153.418,0,3.21374e+06
2019-11-24,Sell,142.835,0,3.21374e+06
2019-11-25,Sell,146.477,0,3.21374e+06
2019-11-26,Sell,148.965,0,3.21374e+06
2019-11-27,Sell,153.011,0,3.21374e+06
2019-11-28,Sell,151.718,0,3.21374e+06
2019-11-29,Sell,155.304,0,3.21374e+06
2019-11-30,Sell,152.54,0,3.21374e+06
2019-12-01,Sell,151.186,0,3.21374e+06
2019-12-02,Sell,149.059,0,3.21374e+06
2019-12-03,Sell,147.956,0,3.21374e+06
2019-12-04,Sell,146.748,0,3.21374e+06
2019-12-05,Sell,149.249,0,3.21374e+06
2019-12-06,Sell,149.194,0,3.21374e+06
2019-12-07,Sell,148.768,0,3.21374e+06
2019-12-08,Sell,151.265,0,3.21374e+06
2019-12-09,Sell,148.225,0,3.21374e+06
2019-12-10,Sell,146.267,0,3.21374e+06
2019-12-11,Sell,143.608,0,3.21374e+06
2019-12-12,Sell,145.604,0,3.21374e+06
2019-12-13,Sell,144.945,0,3.21374e+06
2019-12-14,Sell,142.869,0,3.21374e+06
2019-12-15,Sell,143.115,0,3.21374e+06
2019-12-16,Sell,133.614,0,3.21374e+06
2019-12-17,Sell,122.604,0,3.21374e+06
2019-12-18,Sell,133.092,0,3.21374e+06
2019-12-19,Sell,129.321,0,3.21374e+06
2019-12-20,Sell,129.066,0,3.21374e+06
2019-12-21,Sell,128.131,0,3.21374e+06
2019-12-22,Sell,132.373,0,3.21374e+06
2019-12-23,Sell,128.614,0,3.21374e+06
2019-12-24,Sell,129.064,0,3.21374e+06
2019-12-25,Sell,126.455,0,3.21374e+06
2019-12-26,Sell,126.361,0,3.21374e+06
2019-12-27,Sell,127.215,0,3.21374e+06
2019-12-28,Sell,128.323,0,3.21374e+06
2019-12-29,Sell,134.758,0,3.21374e+06
2019-12-30,Sell,132.633,0,3.21374e+06
2019-12-31,Sell,129.611,0,3.21374e+06
2020-01-01,Sell,130.802,0,3.21374e+06
2020-01-02,Sell,127.41,0,3.21374e+06
2020-01-03,Sell,134.172,0,3.21374e+06
2020-01-04,Sell,135.069,0,3.21374e+06
2020-01-05,Buy,136.277,2092.22,3.21374e+06
2020-01-06,Buy,144.304,2092.22,3.21374e+06
2020-01-07,Buy,143.544,2092.22,3.21374e+06
2020-01-08,Buy,141.258,2092.22,3.21374e+06
2020-01-09,Buy,138.979,2092.22,3.21374e+06
2020-01-10,Buy,143.964,2092.22,3.21374e+06
2020-01-11,Buy,142.927,2092.22,3.21374e+06
2020-01-12,Buy,145.874,2092.22,3.21374e+06
2020-01-13,Buy,144.227,2092.22,3.21374e+06
2020-01-14,Buy,165.955,2092.22,3.21374e+06
2020-01-15,Buy,166.231,2092.22,3.21374e+06
2020-01-16,Buy,164.391,2092.22,3.21374e+06
2020-01-17,Buy,170.78,2092.22,3.21374e+06
2020-01-18,Buy,175.366,2092.22,3.21374e+06
2020-01-19,Buy,166.97,2092.22,3.21374e+06
2020-01-20,Buy,167.121,2092.22,3.21374e+06
2020-01-21,Buy,169.697,2092.22,3.21374e+06
2020-01-22,Buy,168.294,2092.22,3.21374e+06
2020-01-23,Buy,162.929,2092.22,3.21374e+06
2020-01-24,Buy,163.051,2092.22,3.21374e+06
2020-01-25,Buy,161.284,2092.22,3.21374e+06
2020-01-26,Buy,168.077,2092.22,3.21374e+06
2020-01-27,Buy,170.931,2092.22,3.21374e+06
2020-01-28,Buy,176.37,2092.22,3.21374e+06
2020-01-29,Buy,175.05,2092.22,3.21374e+06
2020-01-30,Buy,184.69,2092.22,3.21374e+06
2020-01-31,Buy,180.16,2092.22,3.21374e+06
2020-02-01,Buy,183.674,2092.22,3.21374e+06
2020-02-02,Buy,188.618,2092.22,3.21374e+06
2020-02-03,Buy,189.865,2092.22,3.21374e+06
2020-02-04,Buy,189.251,2092.22,3.21374e+06
2020-02-05,Buy,204.23,2092.22,3.21374e+06
2020-02-06,Buy,212.339,2092.22,3.21374e+06
2020-02-07,Buy,222.726,2092.22,3.21374e+06
2020-02-08,Buy,223.147,2092.22,3.21374e+06
2020-02-09,Buy,228.579,2092.22,3.21374e+06
2020-02-10,Buy,223.523,2092.22,3.21374e+06
2020-02-11,Buy,235.851,2092.22,3.21374e+06
2020-02-12,Buy,265.406,2092.22,3.21374e+06
2020-02-13,Buy,268.099,2092.22,3.21374e+06
2020-02-14,Buy,284.217,2092.22,3.21374e+06
2020-02-15,Buy,264.729,2092.22,3.21374e+06
2020-02-16,Buy,259.895,2092.22,3.21374e+06
2020-02-17,Buy,266.363,2092.22,3.21374e+06
2020-02-18,Buy,281.945,2092.22,3.21374e+06
2020-02-19,Buy,259.764,2092.22,3.21374e+06
2020-02-20,Buy,257.949,2092.22,3.21374e+06
2020-02-21,Buy,265.601,2092.22,3.21374e+06
2020-02-22,Buy,262.332,2092.22,3.21374e+06
2020-02-23,Buy,273.754,2092.22,3.21374e+06
2020-02-24,Buy,265.216,2092.22,3.21374e+06
2020-02-25,Buy,247.818,2092.22,3.21374e+06
2020-02-26,Buy,225.68,2092.22,3.21374e+06
2020-02-27,Buy,226.753,2092.22,3.21374e+06
2020-02-28,Sell,226.76,0,3.21374e+06
2020-02-29,Sell,219.849,0,3.21374e+06
2020-03-01,Sell,218.971,0,3.21374e+06
2020-03-02,Sell,230.57,0,3.21374e+06
2020-03-03,Sell,224.48,0,3.21374e+06
2020-03-04,Sell,224.518,0,3.21374e+06
2020-03-05,Sell,229.268,0,3.21374e+06
2020-03-06,Sell,243.525,0,3.21374e+06
2020-03-07,Sell,237.853,0,3.21374e+06
2020-03-08,Sell,200.689,0,3.21374e+06
2020-03-09,Sell,201.986,0,3.21374e+06
2020-03-10,Sell,200.767,0,3.21374e+06
2020-03-11,Sell,194.869,0,3.21374e+06
2020-03-12,Sell,112.347,0,3.21374e+06
2020-03-13,Sell,133.202,0,3.21374e+06
2020-03-14,Sell,123.306,0,3.21374e+06
2020-03-15,Sell,125.214,0,3.21374e+06
2020-03-16,Sell,110.606,0,3.21374e+06
2020-03-17,Sell,113.943,0,3.21374e+06
2020-03-18,Sell,114.842,0,3.21374e+06
2020-03-19,Sell,136.594,0,3.21374e+06
2020-03-20,Sell,132.737,0,3.21374e+06
2020-03-21,Sell,132.819,0,3.21374e+06
2020-03-22,Sell,123.321,0,3.21374e+06
2020-03-23,Sell,134.912,0,3.21374e+06
2020-03-24,Sell,138.761,0,3.21374e+06
2020-03-25,Sell,136.196,0,3.21374e+06
2020-03-26,Sell,138.362,0,3.21374e+06
2020-03-27,Sell,133.938,0,3.21374e+06
2020-03-28,Sell,130.986,0,3.21374e+06
2020-03-29,Sell,125.584,0,3.21374e+06
2020-03-30,Sell,132.905,0,3.21374e+06
2020-03-31,Sell,133.594,0,3.21374e+06
2020-04-01,Sell,135.635,0,3.21374e+06
2020-04-02,Sell,142.029,0,3.21374e+06
2020-04-03,Sell,142.091,0,3.21374e+06
2020-04-04,Buy,145.219,3267.01,3.21374e+06
2020-04-05,Buy,143.547,3267.01,3.21374e+06
2020-04-06,Buy,169.136,3267.01,3.21374e+06
2020-04-07,Buy,165.102,3267.01,3.21374e+06
2020-04-08,Buy,172.642,3267.01,3.21374e+06
2020-04-09,Buy,170.807,3267.01,3.21374e+06
2020-04-10,Buy,158.412,3267.01,3.21374e+06
2020-04-11,Buy,158.216,3267.01,3.21374e+06
2020-04-12,Buy,161.142,3267.01,3.21374e+06
2020-04-13,Buy,156.28,3267.01,3.21374e+06
2020-04-14,Buy,157.596,3267.01,3.21374e+06
2020-04-15,Buy,153.287,3267.01,3.21374e+06
2020-04-16,Buy,172.157,3267.01,3.21374e+06
2020-04-17,Buy,171.639,3267.01,3.21374e+06
2020-04-18,Buy,186.914,3267.01,3.21374e+06
2020-04-19,Buy,181.615,3267.01,3.21374e+06
2020-04-20,Buy,172.297,3267.01,3.21374e+06
2020-04-21,Buy,172.738,3267.01,3.21374e+06
2020-04-22,Buy,182.6,3267.01,3.21374e+06
2020-04-23,Buy,185.029,3267.01,3.21374e+06
2020-04-24,Buy,189.237,3267.01,3.21374e+06
2020-04-25,Buy,195.515,3267.01,3.21374e+06
2020-04-26,Buy,197.318,3267.01,3.21374e+06
2020-04-27,Buy,197.225,3267.01,3.21374e+06
2020-04-28,Buy,198.415,3267.01,3.21374e+06
2020-04-29,Buy,216.968,3267.01,3.21374e+06
2020-04-30,Buy,207.602,3267.01,3.21374e+06
2020-05-01,Buy,214.219,3267.01,3.21374e+06
2020-05-02,Buy,215.325,3267.01,3.21374e+06
2020-05-03,Buy,210.933,3267.01,3.21374e+06
2020-05-04,Buy,208.174,3267.01,3.21374e+06
2020-05-05,Buy,206.774,3267.01,3.21374e+06
2020-05-06,Buy,204.056,3267.01,3.21374e+06
2020-05-07,Buy,212.289,3267.01,3.21374e+06
2020-05-08,Buy,212.992,3267.01,3.21374e+06
2020-05-09,Buy,211.6,3267.01,3.21374e+06
2020-05-10,Buy,188.6,3267.01,3.21374e+06
2020-05-11,Buy,185.913,3267.01,3.21374e+06
2020-05-12,Sell,189.312,0,3.21374e+06
2020-05-13,Sell,199.193,0,3.21374e+06
2020-05-14,Sell,202.949,0,3.21374e+06
2020-05-15,Buy,195.623,3161.63,3.21374e+06
2020-05-16,Buy,200.677,3161.63,3.21374e+06
2020-05-17,Sell,207.159,0,3.21374e+06
2020-05-18,Sell,214.525,0,3.21374e+06
2020-05-19,Buy,213.451,3068.42,3.21374e+06
2020-05-20,Buy,210.097,3068.42,3.21374e+06
2020-05-21,Buy,199.884,3068.42,3.21374e+06
2020-05-22,Buy,207.169,3068.42,3.21374e+06
2020-05-23,Sell,208.694,0,3.21374e+06
2020-05-24,Buy,202.37,3164.31,3.21374e+06
2020-05-25,Buy,205.32,3164.31,3.21374e+06
2020-05-26,Sell,201.902,0,3.21374e+06
2020-05-27,Buy,208.863,3058.85,3.21374e+06
2020-05-28,Sell,219.84,0,3.21374e+06
2020-05-29,Buy,220.675,3047.28,3.21374e+06
2020-05-30,Buy,242.346,3047.28,3.21374e+06
2020-05-31,Buy,230.976,3047.28,3.21374e+06
2020-06-01,Buy,246.992,3047.28,3.21374e+06
2020-06-02,Buy,237.219,3047.28,3.21374e+06
2020-06-03,Buy,244.179,3047.28,3.21374e+06
2020-06-04,Buy,244.426,3047.28,3.21374e+06
2020-06-05,Buy,241.222,3047.28,3.21374e+06
2020-06-06,Buy,241.931,3047.28,3.21374e+06
2020-06-07,Buy,245.167,3047.28,3.21374e+06
2020-06-08,Buy,246.31,3047.28,3.21374e+06
2020-06-09,Buy,244.911,3047.28,3.21374e+06
2020-06-10,Buy,247.445,3047.28,3.21374e+06
2020-06-11,Buy,231.703,3047.28,3.21374e+06
2020-06-12,Buy,237.493,3047.28,3.21374e+06
2020-06-13,Buy,238.909,3047.28,3.21374e+06
2020-06-14,Buy,234.115,3047.28,3.21374e+06
2020-06-15,Buy,229.929,3047.28,3.21374e+06
2020-06-16,Buy,234.416,3047.28,3.21374e+06
2020-06-17,Sell,233.028,0,3.21374e+06
2020-06-18,Buy,232.101,3059.45,3.21374e+06
2020-06-19,Buy,227.138,3059.45,3.21374e+06
2020-06-20,Sell,229.274,0,3.21374e+06
2020-06-21,Sell,228.99,0,3.21374e+06
2020-06-22,Sell,242.533,0,3.21374e+06
2020-06-23,Sell,244.142,0,3.21374e+06
2020-06-24,Buy,235.772,2975.13,3.21374e+06
2020-06-25,Buy,232.944,2975.13,3.21374e+06
2020-06-26,Sell,229.668,0,3.21374e+06
2020-06-27,Sell,222.96,0,3.21374e+06
2020-06-28,Sell,225.347,0,3.21374e+06
2020-06-29,Sell,228.195,0,3.21374e+06
2020-06-30,Sell,226.315,0,3.21374e+06
2020-07-01,Sell,231.113,0,3.21374e+06
2020-07-02,Sell,229.392,0,3.21374e+06
2020-07-03,Sell,225.387,0,3.21374e+06
2020-07-04,Sell,229.074,0,3.21374e+06
2020-07-05,Sell,227.665,0,3.21374e+06
2020-07-06,Sell,241.51,0,3.21374e+06
2020-07-07,Sell,239.076,0,3.21374e+06
2020-07-08,Buy,246.67,2770.06,3.21374e+06
2020-07-09,Buy,243.016,2770.06,3.21374e+06
2020-07-10,Buy,240.985,2770.06,3.21374e+06
2020-07-11,Buy,239.458,2770.06,3.21374e+06
2020-07-12,Buy,242.132,2770.06,3.21374e+06
2020-07-13,Buy,239.605,2770.06,3.21374e+06
2020-07-14,Buy,240.211,2770.06,3.21374e+06
2020-07-15,Buy,238.424,2770.06,3.21374e+06
2020-07-16,Buy,233.641,2770.06,3.21374e+06
2020-07-17,Buy,232.773,2770.06,3.21374e+06
2020-07-18,Sell,235.484,0,3.21374e+06
2020-07-19,Sell,238.488,0,3.21374e+06
2020-07-20,Buy,236.153,2762.21,3.21374e+06
2020-07-21,Buy,245.017,2762.21,3.21374e+06
2020-07-22,Buy,262.191,2762.21,3.21374e+06
2020-07-23,Buy,274.689,2762.21,3.21374e+06
2020-07-24,Buy,279.215,2762.21,3.21374e+06
2020-07-25,Buy,304.057,2762.21,3.21374e+06
2020-07-26,Buy,309.644,2762.21,3.21374e+06
2020-07-27,Buy,321.514,2762.21,3.21374e+06
2020-07-28,Buy,316.657,2762.21,3.21374e+06
2020-07-29,Buy,318.191,2762.21,3.21374e+06
2020-07-30,Buy,334.587,2762.21,3.21374e+06
2020-07-31,Buy,345.555,2762.21,3.21374e+06
2020-08-01,Buy,385.2,2762.21,3.21374e+06
2020-08-02,Buy,370.672,2762.21,3.21374e+06
2020-08-03,Buy,386.295,2762.21,3.21374e+06
2020-08-04,Buy,389.875,2762.21,3.21374e+06
2020-08-05,Buy,401.591,2762.21,3.21374e+06
2020-08-06,Buy,394.962,2762.21,3.21374e+06
2020-08-07,Buy,379.513,2762.21,3.21374e+06
2020-08-08,Buy,393.987,2762.21,3.21374e+06
2020-08-09,Buy,391.12,2762.21,3.21374e+06
2020-08-10,Buy,395.888,2762.21,3.21374e+06
2020-08-11,Buy,380.384,2762.21,3.21374e+06
2020-08-12,Buy,391.024,2762.21,3.21374e+06
2020-08-13,Buy,428.742,2762.21,3.21374e+06
2020-08-14,Buy,437.398,2762.21,3.21374e+06
2020-08-15,Buy,433.355,2762.21,3.21374e+06
2020-08-16,Buy,433.787,2762.21,3.21374e+06
2020-08-17,Buy,429.531,2762.21,3.21374e+06
2020-08-18,Buy,423.669,2762.21,3.21374e+06
2020-08-19,Buy,406.464,2762.21,3.21374e+06
2020-08-20,Buy,416.44,2762.21,3.21374e+06
2020-08-21,Buy,389.126,2762.21,3.21374e+06
2020-08-22,Buy,395.835,2762.21,3.21374e+06
2020-08-23,Sell,391.384,0,3.21374e+06
2020-08-24,Buy,408.144,2648.79,3.21374e+06
2020-08-25,Sell,384.001,0,3.21374e+06
2020-08-26,Buy,386.466,2631.89,3.21374e+06
2020-08-27,Sell,382.633,0,3.21374e+06
2020-08-28,Sell,395.875,0,3.21374e+06
2020-08-29,Sell,399.921,0,3.21374e+06
2020-08-30,Sell,428.396,0,3.21374e+06
2020-08-31,Sell,435.08,0,3.21374e+06
2020-09-01,Buy,477.052,2110.98,3.21374e+06
2020-09-02,Buy,440.04,2110.98,3.21374e+06
2020-09-03,Buy,385.672,2110.98,3.21374e+06
2020-09-04,Buy,388.241,2110.98,3.21374e+06
2020-09-05,Sell,335.26,0,3.21374e+06
2020-09-06,Sell,353.362,0,3.21374e+06
2020-09-07,Sell,352.673,0,3.21374e+06
2020-09-08,Sell,337.602,0,3.21374e+06
2020-09-09,Sell,351.11,0,3.21374e+06
2020-09-10,Sell,368.102,0,3.21374e+06
2020-09-11,Sell,374.696,0,3.21374e+06
2020-09-12,Sell,387.183,0,3.21374e+06
2020-09-13,Sell,365.57,0,3.21374e+06
2020-09-14,Sell,377.269,0,3.21374e+06
2020-09-15,Sell,364.839,0,3.21374e+06
2020-09-16,Sell,365.812,0,3.21374e+06
2020-09-17,Sell,389.019,0,3.21374e+06
2020-09-18,Sell,384.365,0,3.21374e+06
2020-09-19,Buy,385.544,1835.66,3.21374e+06
2020-09-20,Sell,371.053,0,3.21374e+06
2020-09-21,Buy,341.786,1992.84,3.21374e+06
2020-09-22,Sell,344.503,0,3.21374e+06
2020-09-23,Sell,321.116,0,3.21374e+06
2020-09-24,Sell,349.356,0,3.21374e+06
2020-09-25,Sell,352.183,0,3.21374e+06
2020-09-26,Sell,355.488,0,3.21374e+06
2020-09-27,Sell,357.439,0,3.21374e+06
2020-09-28,Sell,355.159,0,3.21374e+06
2020-09-29,Sell,359.757,0,3.21374e+06
2020-09-30,Sell,359.938,0,3.21374e+06
2020-10-01,Sell,353.206,0,3.21374e+06
2020-10-02,Sell,346.239,0,3.21374e+06
2020-10-03,Sell,346.522,0,3.21374e+06
2020-10-04,Sell,352.579,0,3.21374e+06
2020-10-05,Sell,353.957,0,3.21374e+06
2020-10-06,Sell,340.816,0,3.21374e+06
2020-10-07,Sell,341.809,0,3.21374e+06
2020-10-08,Sell,350.766,0,3.21374e+06
2020-10-09,Sell,365.59,0,3.21374e+06
2020-10-10,Sell,370.968,0,3.21374e+06
2020-10-11,Buy,375.142,1830.08,3.21374e+06
2020-10-12,Buy,387.731,1830.08,3.21374e+06
2020-10-13,Buy,381.191,1830.08,3.21374e+06
2020-10-14,Buy,379.484,1830.08,3.21374e+06
2020-10-15,Buy,377.442,1830.08,3.21374e+06
2020-10-16,Buy,366.229,1830.08,3.21374e+06
2020-10-17,Buy,368.856,1830.08,3.21374e+06
2020-10-18,Buy,378.214,1830.08,3.21374e+06
2020-10-19,Buy,379.936,1830.08,3.21374e+06
2020-10-20,Buy,369.137,1830.08,3.21374e+06
2020-10-21,Buy,392.19,1830.08,3.21374e+06
2020-10-22,Buy,413.773,1830.08,3.21374e+06
2020-10-23,Buy,409.767,1830.08,3.21374e+06
2020-10-24,Buy,412.458,1830.08,3.21374e+06
2020-10-25,Buy,406.218,1830.08,3.21374e+06
2020-10-26,Buy,393.888,1830.08,3.21374e+06
2020-10-27,Buy,403.997,1830.08,3.21374e+06
2020-10-28,Buy,388.651,1830.08,3.21374e+06
2020-10-29,Buy,386.73,1830.08,3.21374e+06
2020-10-30,Buy,382.82,1830.08,3.21374e+06
2020-10-31,Buy,386.59,1830.08,3.21374e+06
2020-11-01,Buy,396.358,1830.08,3.21374e+06
2020-11-02,Buy,383.157,1830.08,3.21374e+06
2020-11-03,Buy,387.602,1830.08,3.21374e+06
2020-11-04,Sell,402.142,0,3.21374e+06
2020-11-05,Buy,414.067,1777.38,3.21374e+06
2020-11-06,Buy,454.719,1777.38,3.21374e+06
2020-11-07,Buy,435.713,1777.38,3.21374e+06
2020-11-08,Buy,453.555,1777.38,3.21374e+06
2020-11-09,Buy,444.163,1777.38,3.21374e+06
2020-11-10,Buy,449.68,1777.38,3.21374e+06
2020-11-11,Buy,462.961,1777.38,3.21374e+06
2020-11-12,Buy,461.005,1777.38,3.21374e+06
2020-11-13,Buy,474.626,1777.38,3.21374e+06
2020-11-14,Buy,460.15,1777.38,3.21374e+06
2020-11-15,Buy,447.559,1777.38,3.21374e+06
2020-11-16,Buy,459.94,1777.38,3.21374e+06
2020-11-17,Buy,480.36,1777.38,3.21374e+06
2020-11-18,Buy,479.484,1777.38,3.21374e+06
2020-11-19,Buy,471.63,1777.38,3.21374e+06
2020-11-20,Buy,509.745,1777.38,3.21374e+06
2020-11-21,Buy,549.487,1777.38,3.21374e+06
2020-11-22,Buy,558.068,1777.38,3.21374e+06
2020-11-23,Buy,608.454,1777.38,3.21374e+06
2020-11-24,Buy,603.898,1777.38,3.21374e+06
2020-11-25,Buy,570.687,1777.38,3.21374e+06
2020-11-26,Buy,518.801,1777.38,3.21374e+06
2020-11-27,Buy,517.494,1777.38,3.21374e+06
2020-11-28,Buy,538.23,1777.38,3.21374e+06
2020-11-29,Buy,575.758,1777.38,3.21374e+06
2020-11-30,Buy,614.843,1777.38,3.21374e+06
2020-12-01,Buy,587.324,1777.38,3.21374e+06
2020-12-02,Buy,598.352,1777.38,3.21374e+06
2020-12-03,Buy,616.709,1777.38,3.21374e+06
2020-12-04,Buy,569.354,1777.38,3.21374e+06
2020-12-05,Buy,596.595,1777.38,3.21374e+06
2020-12-06,Buy,601.909,1777.38,3.21374e+06
2020-12-07,Buy,591.843,1777.38,3.21374e+06
2020-12-08,Buy,554.828,1777.38,3.21374e+06
2020-12-09,Buy,573.479,1777.38,3.21374e+06
2020-12-10,Buy,559.679,1777.38,3.21374e+06
2020-12-11,Buy,545.797,1777.38,3.21374e+06
2020-12-12,Buy,568.567,1777.38,3.21374e+06
2020-12-13,Sell,589.663,0,3.21374e+06
2020-12-14,Buy,586.011,1788.45,3.21374e+06
2020-12-15,Buy,589.356,1788.45,3.21374e+06
2020-12-16,Buy,636.182,1788.45,3.21374e+06
2020-12-17,Buy,642.869,1788.45,3.21374e+06
2020-12-18,Buy,654.812,1788.45,3.21374e+06
2020-12-19,Buy,659.298,1788.45,3.21374e+06
2020-12-20,Buy,638.291,1788.45,3.21374e+06
2020-12-21,Buy,609.818,1788.45,3.21374e+06
2020-12-22,Buy,634.854,1788.45,3.21374e+06
2020-12-23,Buy,583.715,1788.45,3.21374e+06
2020-12-24,Buy,611.607,1788.45,3.21374e+06
2020-12-25,Sell,626.411,0,3.21374e+06
2020-12-26,Buy,635.836,1761.94,3.21374e+06
2020-12-27,Buy,682.642,1761.94,3.21374e+06
2020-12-28,Buy,730.397,1761.94,3.21374e+06
2020-12-29,Buy,731.52,1761.94,3.21374e+06
2020-12-30,Buy,751.619,1761.94,3.21374e+06
2020-12-31,Buy,737.803,1761.94,3.21374e+06
2021-01-01,Buy,730.368,1761.94,3.21374e+06
2021-01-02,Buy,774.535,1761.94,3.21374e+06
2021-01-03,Buy,975.508,1761.94,3.21374e+06
2021-01-04,Buy,1040.23,1761.94,3.21374e+06
2021-01-05,Buy,1100.01,1761.94,3.21374e+06
2021-01-06,Buy,1207.11,1761.94,3.21374e+06
2021-01-07,Buy,1225.68,1761.94,3.21374e+06
2021-01-08,Buy,1224.2,1761.94,3.21374e+06
2021-01-09,Buy,1281.08,1761.94,3.21374e+06
2021-01-10,Buy,1262.25,1761.94,3.21374e+06
2021-01-11,Buy,1090.15,1761.94,3.21374e+06
2021-01-12,Buy,1043.43,1761.94,3.21374e+06
2021-01-13,Buy,1130.74,1761.94,3.21374e+06
2021-01-14,Buy,1218.45,1761.94,3.21374e+06
2021-01-15,Buy,1171.83,1761.94,3.21374e+06
2021-01-16,Buy,1233.54,1761.94,3.21374e+06
2021-01-17,Buy,1230.17,1761.94,3.21374e+06
2021-01-18,Buy,1257.28,1761.94,3.21374e+06
2021-01-19,Buy,1377.3,1761.94,3.21374e+06
2021-01-20,Buy,1382.27,1761.94,3.21374e+06
2021-01-21,Buy,1121.57,1761.94,3.21374e+06
2021-01-22,Buy,1236.51,1761.94,3.21374e+06
2021-01-23,Buy,1230.99,1761.94,3.21374e+06
2021-01-24,Buy,1391.61,1761.94,3.21374e+06
2021-01-25,Buy,1324.41,1761.94,3.21374e+06
2021-01-26,Buy,1357.06,1761.94,3.21374e+06
2021-01-27,Buy,1253.19,1761.94,3.21374e+06
2021-01-28,Buy,1332.49,1761.94,3.21374e+06
2021-01-29,Buy,1382.52,1761.94,3.21374e+06
2021-01-30,Buy,1376.12,1761.94,3.21374e+06
2021-01-31,Buy,1314.99,1761.94,3.21374e+06
2021-02-01,Buy,1369.04,1761.94,3.21374e+06
2021-02-02,Buy,1515.19,1761.94,3.21374e+06
2021-02-03,Buy,1660.91,1761.94,3.21374e+06
2021-02-04,Buy,1594.76,1761.94,3.21374e+06
2021-02-05,Buy,1718.65,1761.94,3.21374e+06
2021-02-06,Buy,1677.85,1761.94,3.21374e+06
2021-02-07,Buy,1614.23,1761.94,3.21374e+06
2021-02-08,Buy,1746.62,1761.94,3.21374e+06
2021-02-09,Buy,1768.04,1761.94,3.21374e+06
2021-02-10,Buy,1744.24,1761.94,3.21374e+06
2021-02-11,Buy,1783.8,1761.94,3.21374e+06
2021-02-12,Buy,1843.53,1761.94,3.21374e+06
2021-02-13,Buy,1814.11,1761.94,3.21374e+06
2021-02-14,Buy,1805.08,1761.94,3.21374e+06
2021-02-15,Buy,1779.79,1761.94,3.21374e+06
2021-02-16,Buy,1781.07,1761.94,3.21374e+06
2021-02-17,Buy,1848.46,1761.94,3.21374e+06
2021-02-18,Buy,1937.45,1761.94,3.21374e+06
2021-02-19,Buy,1960.16,1761.94,3.21374e+06
2021-02-20,Buy,1919.53,1761.94,3.21374e+06
2021-02-21,Buy,1935.6,1761.94,3.21374e+06
2021-02-22,Buy,1781.99,1761.94,3.21374e+06
2021-02-23,Buy,1570.2,1761.94,3.21374e+06
2021-02-24,Buy,1626.58,1761.94,3.21374e+06
2021-02-25,Sell,1475.7,0,3.21374e+06
2021-02-26,Sell,1446.03,0,3.21374e+06
2021-02-27,Sell,1459.97,0,3.21374e+06
2021-02-28,Sell,1416.05,0,3.21374e+06
2021-03-01,Sell,1564.71,0,3.21374e+06
2021-03-02,Sell,1492.61,0,3.21374e+06
2021-03-03,Sell,1575.85,0,3.21374e+06
2021-03-04,Sell,1541.91,0,3.21374e+06
2021-03-05,Sell,1533.28,0,3.21374e+06
2021-03-06,Sell,1654.74,0,3.21374e+06
2021-03-07,Sell,1723.15,0,3.21374e+06
2021-03-08,Sell,1834.73,0,3.21374e+06
2021-03-09,Buy,1868.05,1391.88,3.21374e+06
2021-03-10,Buy,1799.17,1391.88,3.21374e+06
2021-03-11,Buy,1826.19,1391.88,3.21374e+06
2021-03-12,Buy,1772.1,1391.88,3.21374e+06
2021-03-13,Buy,1924.69,1391.88,3.21374e+06
2021-03-14,Buy,1854.56,1391.88,3.21374e+06
2021-03-15,Buy,1791.7,1391.88,3.21374e+06
2021-03-16,Buy,1806.97,1391.88,3.21374e+06
2021-03-17,Buy,1823.45,1391.88,3.21374e+06
2021-03-18,Buy,1782.86,1391.88,3.21374e+06
2021-03-19,Buy,1817.62,1391.88,3.21374e+06
2021-03-20,Buy,1812.63,1391.88,3.21374e+06
2021-03-21,Buy,1788.22,1391.88,3.21374e+06
2021-03-22,Buy,1691.33,1391.88,3.21374e+06
2021-03-23,Buy,1678.65,1391.88,3.21374e+06
2021-03-24,Sell,1593.41,0,3.21374e+06
2021-03-25,Sell,1595.36,0,3.21374e+06
2021-03-26,Sell,1702.84,0,3.21374e+06
2021-03-27,Sell,1716.49,0,3.21374e+06
2021-03-28,Sell,1691.36,0,3.21374e+06
2021-03-29,Sell,1819.68,0,3.21374e+06
2021-03-30,Sell,1846.03,0,3.21374e+06
2021-03-31,Buy,1918.36,1156.11,3.21374e+06
2021-04-01,Buy,1977.28,1156.11,3.21374e+06
2021-04-02,Buy,2143.23,1156.11,3.21374e+06
2021-04-03,Buy,2028.42,1156.11,3.21374e+06
2021-04-04,Buy,2093.12,1156.11,3.21374e+06
2021-04-05,Buy,2107.89,1156.11,3.21374e+06
2021-04-06,Buy,2118.38,1156.11,3.21374e+06
2021-04-07,Buy,1971.08,1156.11,3.21374e+06
2021-04-08,Buy,2088.57,1156.11,3.21374e+06
2021-04-09,Buy,2072.11,1156.11,3.21374e+06
2021-04-10,Buy,2135.94,1156.11,3.21374e+06
2021-04-11,Buy,2157.66,1156.11,3.21374e+06
2021-04-12,Buy,2139.35,1156.11,3.21374e+06
2021-04-13,Buy,2299.19,1156.11,3.21374e+06
2021-04-14,Buy,2435.1,1156.11,3.21374e+06
2021-04-15,Buy,2519.12,1156.11,3.21374e+06
2021-04-16,Buy,2431.95,1156.11,3.21374e+06
2021-04-17,Buy,2344.9,1156.11,3.21374e+06
2021-04-18,Buy,2237.14,1156.11,3.21374e+06
2021-04-19,Buy,2166.19,1156.11,3.21374e+06
2021-04-20,Buy,2330.21,1156.11,3.21374e+06
2021-04-21,Buy,2364.75,1156.11,3.21374e+06
2021-04-22,Buy,2403.54,1156.11,3.21374e+06
2021-04-23,Buy,2363.59,1156.11,3.21374e+06
2021-04-24,Buy,2211.63,1156.11,3.21374e+06
2021-04-25,Buy,2316.06,1156.11,3.21374e+06
2021-04-26,Buy,2534.48,1156.11,3.21374e+06
2021-04-27,Buy,2662.87,1156.11,3.21374e+06
2021-04-28,Buy,2746.38,1156.11,3.21374e+06
2021-04-29,Buy,2756.88,1156.11,3.21374e+06
2021-04-30,Buy,2773.21,1156.11,3.21374e+06
2021-05-01,Buy,2945.89,1156.11,3.21374e+06
2021-05-02,Buy,2952.06,1156.11,3.21374e+06
2021-05-03,Buy,3431.09,1156.11,3.21374e+06
2021-05-04,Buy,3253.63,1156.11,3.21374e+06
2021-05-05,Buy,3522.78,1156.11,3.21374e+06
2021-05-06,Buy,3490.88,1156.11,3.21374e+06
2021-05-07,Buy,3484.73,1156.11,3.21374e+06
2021-05-08,Buy,3902.65,1156.11,3.21374e+06
2021-05-09,Buy,3928.84,1156.11,3.21374e+06
2021-05-10,Buy,3952.29,1156.11,3.21374e+06
2021-05-11,Buy,4168.7,1156.11,3.21374e+06
2021-05-12,Buy,3785.85,1156.11,3.21374e+06
2021-05-13,Buy,3715.15,1156.11,3.21374e+06
2021-05-14,Buy,4079.06,1156.11,3.21374e+06
2021-05-15,Buy,3638.12,1156.11,3.21374e+06
2021-05-16,Buy,3587.51,1156.11,3.21374e+06
2021-05-17,Buy,3282.4,1156.11,3.21374e+06
2021-05-18,Buy,3380.07,1156.11,3.21374e+06
2021-05-19,Buy,2460.68,1156.11,3.21374e+06
2021-05-20,Buy,2784.29,1156.11,3.21374e+06
2021-05-21,Sell,2430.62,0,3.21374e+06
2021-05-22,Sell,2295.71,0,3.21374e+06
2021-05-23,Sell,2109.58,0,3.21374e+06
2021-05-24,Sell,2643.59,0,3.21374e+06
2021-05-25,Sell,2706.63,0,3.21374e+06
2021-05-26,Sell,2888.7,0,3.21374e+06
2021-05-27,Sell,2736.49,0,3.21374e+06
2021-05-28,Sell,2419.91,0,3.21374e+06
2021-05-29,Sell,2279.51,0,3.21374e+06
2021-05-30,Sell,2390.31,0,3.21374e+06
2021-05-31,Sell,2714.95,0,3.21374e+06
2021-06-01,Sell,2633.52,0,3.21374e+06
2021-06-02,Sell,2706.12,0,3.21374e+06
2021-06-03,Sell,2855.13,0,3.21374e+06
2021-06-04,Sell,2688.2,0,3.21374e+06
2021-06-05,Sell,2630.58,0,3.21374e+06
2021-06-06,Sell,2715.09,0,3.21374e+06
2021-06-07,Sell,2590.26,0,3.21374e+06
2021-06-08,Sell,2517.44,0,3.21374e+06
2021-06-09,Sell,2608.27,0,3.21374e+06
2021-06-10,Sell,2471.52,0,3.21374e+06
2021-06-11,Sell,2353.77,0,3.21374e+06
2021-06-12,Sell,2372.48,0,3.21374e+06
2021-06-13,Sell,2508.39,0,3.21374e+06
2021-06-14,Sell,2537.89,0,3.21374e+06
2021-06-15,Sell,2610.94,0,3.21374e+06
2021-06-16,Buy,2367.66,1186.86,3.21374e+06
2021-06-17,Sell,2372,0,3.21374e+06
2021-06-18,Sell,2231.73,0,3.21374e+06
2021-06-19,Sell,2178.5,0,3.21374e+06
2021-06-20,Sell,2246.36,0,3.21374e+06
2021-06-21,Sell,1888.45,0,3.21374e+06
2021-06-22,Sell,1874.95,0,3.21374e+06
2021-06-23,Sell,1989.74,0,3.21374e+06
2021-06-24,Sell,1988.46,0,3.21374e+06
2021-06-25,Sell,1813.22,0,3.21374e+06
2021-06-26,Sell,1829.24,0,3.21374e+06
2021-06-27,Sell,1978.89,0,3.21374e+06
2021-06-28,Sell,2079.66,0,3.21374e+06
2021-06-29,Sell,2160.77,0,3.21374e+06
2021-06-30,Sell,2274.55,0,3.21374e+06
2021-07-01,Sell,2113.61,0,3.21374e+06
2021-07-02,Buy,2150.04,1309.38,3.21374e+06
2021-07-03,Sell,2226.11,0,3.21374e+06
2021-07-04,Sell,2321.72,0,3.21374e+06
2021-07-05,Buy,2198.58,1325.78,3.21374e+06
2021-07-06,Buy,2324.68,1325.78,3.21374e+06
2021-07-07,Buy,2315.16,1325.78,3.21374e+06
2021-07-08,Buy,2120.03,1325.78,3.21374e+06
2021-07-09,Buy,2146.69,1325.78,3.21374e+06
2021-07-10,Sell,2111.4,0,3.21374e+06
2021-07-11,Sell,2139.66,0,3.21374e+06
2021-07-12,Sell,2036.72,0,3.21374e+06
2021-07-13,Buy,1940.08,1442.85,3.21374e+06
2021-07-14,Sell,1994.33,0,3.21374e+06
2021-07-15,Sell,1911.18,0,3.21374e+06
2021-07-16,Sell,1880.38,0,3.21374e+06
2021-07-17,Sell,1898.83,0,3.21374e+06
2021-07-18,Sell,1895.55,0,3.21374e+06
2021-07-19,Sell,1817.3,0,3.21374e+06
2021-07-20,Sell,1787.51,0,3.21374e+06
2021-07-21,Sell,1990.97,0,3.21374e+06
2021-07-22,Sell,2025.2,0,3.21374e+06
2021-07-23,Sell,2124.78,0,3.21374e+06
2021-07-24,Sell,2189.22,0,3.21374e+06
2021-07-25,Buy,2191.37,1313.11,3.21374e+06
2021-07-26,Buy,2233.37,1313.11,3.21374e+06
2021-07-27,Buy,2298.33,1313.11,3.21374e+06
2021-07-28,Buy,2296.55,1313.11,3.21374e+06
2021-07-29,Buy,2380.96,1313.11,3.21374e+06
2021-07-30,Buy,2466.96,1313.11,3.21374e+06
2021-07-31,Buy,2536.21,1313.11,3.21374e+06
2021-08-01,Buy,2561.85,1313.11,3.21374e+06
2021-08-02,Buy,2610.15,1313.11,3.21374e+06
2021-08-03,Buy,2502.35,1313.11,3.21374e+06
2021-08-04,Buy,2724.62,1313.11,3.21374e+06
2021-08-05,Buy,2827.33,1313.11,3.21374e+06
2021-08-06,Buy,2890.94,1313.11,3.21374e+06
2021-08-07,Buy,3157.24,1313.11,3.21374e+06
2021-08-08,Buy,3013.73,1313.11,3.21374e+06
2021-08-09,Buy,3167.86,1313.11,3.21374e+06
2021-08-10,Buy,3141.69,1313.11,3.21374e+06
2021-08-11,Buy,3164.25,1313.11,3.21374e+06
2021-08-12,Buy,3043.41,1313.11,3.21374e+06
2021-08-13,Buy,3322.21,1313.11,3.21374e+06
2021-08-14,Buy,3265.44,1313.11,3.21374e+06
2021-08-15,Buy,3310.5,1313.11,3.21374e+06
2021-08-16,Buy,3156.51,1313.11,3.21374e+06
2021-08-17,Buy,3014.85,1313.11,3.21374e+06
2021-08-18,Buy,3020.09,1313.11,3.21374e+06
2021-08-19,Buy,3182.7,1313.11,3.21374e+06
2021-08-20,Buy,3286.94,1313.11,3.21374e+06
2021-08-21,Buy,3226.08,1313.11,3.21374e+06
2021-08-22,Buy,3242.12,1313.11,3.21374e+06
2021-08-23,Buy,3319.26,1313.11,3.21374e+06
2021-08-24,Buy,3172.46,1313.11,3.21374e+06
2021-08-25,Buy,3224.92,1313.11,3.21374e+06
2021-08-26,Buy,3100.33,1313.11,3.21374e+06
2021-08-27,Buy,3270.6,1313.11,3.21374e+06
2021-08-28,Buy,3244.4,1313.11,3.21374e+06
2021-08-29,Buy,3227,1313.11,3.21374e+06
2021-08-30,Buy,3224.37,1313.11,3.21374e+06
2021-08-31,Buy,3433.73,1313.11,3.21374e+06
2021-09-01,Buy,3834.83,1313.11,3.21374e+06
2021-09-02,Buy,3790.99,1313.11,3.21374e+06
2021-09-03,Buy,3940.61,1313.11,3.21374e+06
2021-09-04,Buy,3887.83,1313.11,3.21374e+06
2021-09-05,Buy,3952.13,1313.11,3.21374e+06
2021-09-06,Buy,3928.38,1313.11,3.21374e+06
2021-09-07,Buy,3426.39,1313.11,3.21374e+06
2021-09-08,Buy,3497.32,1313.11,3.21374e+06
2021-09-09,Buy,3427.34,1313.11,3.21374e+06
2021-09-10,Buy,3211.51,1313.11,3.21374e+06
2021-09-11,Buy,3270.28,1313.11,3.21374e+06
2021-09-12,Sell,3410.13,0,3.21374e+06
2021-09-13,Sell,3285.51,0,3.21374e+06
2021-09-14,Sell,3429.17,0,3.21374e+06
2021-09-15,Sell,3615.28,0,3.21374e+06
2021-09-16,Sell,3571.29,0,3.21374e+06
2021-09-17,Buy,3398.54,1317.59,3.21374e+06
2021-09-18,Buy,3432.02,1317.59,3.21374e+06
2021-09-19,Sell,3329.45,0,3.21374e+06
2021-09-20,Sell,2958.99,0,3.21374e+06
2021-09-21,Sell,2764.43,0,3.21374e+06
2021-09-22,Sell,3077.87,0,3.21374e+06
2021-09-23,Sell,3155.52,0,3.21374e+06
2021-09-24,Sell,2931.67,0,3.21374e+06
2021-09-25,Sell,2925.57,0,3.21374e+06
2021-09-26,Sell,3062.27,0,3.21374e+06
2021-09-27,Sell,2934.14,0,3.21374e+06
2021-09-28,Sell,2807.3,0,3.21374e+06
2021-09-29,Sell,2853.14,0,3.21374e+06
2021-09-30,Sell,3001.68,0,3.21374e+06
2021-10-01,Sell,3307.52,0,3.21374e+06
2021-10-02,Sell,3391.69,0,3.21374e+06
2021-10-03,Buy,3418.36,1283.32,3.21374e+06
2021-10-04,Buy,3380.09,1283.32,3.21374e+06
2021-10-05,Buy,3518.52,1283.32,3.21374e+06
2021-10-06,Buy,3580.56,1283.32,3.21374e+06
2021-10-07,Buy,3587.97,1283.32,3.21374e+06
2021-10-08,Buy,3563.76,1283.32,3.21374e+06
2021-10-09,Buy,3575.72,1283.32,3.21374e+06
2021-10-10,Buy,3425.85,1283.32,3.21374e+06
2021-10-11,Buy,3545.35,1283.32,3.21374e+06
2021-10-12,Buy,3492.57,1283.32,3.21374e+06
2021-10-13,Buy,3606.2,1283.32,3.21374e+06
2021-10-14,Buy,3786.01,1283.32,3.21374e+06
2021-10-15,Buy,3862.63,1283.32,3.21374e+06
2021-10-16,Buy,3830.38,1283.32,3.21374e+06
2021-10-17,Buy,3847.1,1283.32,3.21374e+06
2021-10-18,Buy,3748.76,1283.32,3.21374e+06
2021-10-19,Buy,3877.65,1283.32,3.21374e+06
2021-10-20,Buy,4155.99,1283.32,3.21374e+06
2021-10-21,Buy,4054.32,1283.32,3.21374e+06
2021-10-22,Buy,3970.18,1283.32,3.21374e+06
2021-10-23,Buy,4171.66,1283.32,3.21374e+06
2021-10-24,Buy,4087.9,1283.32,3.21374e+06
2021-10-25,Buy,4217.88,1283.32,3.21374e+06
2021-10-26,Buy,4131.1,1283.32,3.21374e+06
2021-10-27,Buy,3930.26,1283.32,3.21374e+06
2021-10-28,Buy,4287.32,1283.32,3.21374e+06
2021-10-29,Buy,4414.75,1283.32,3.21374e+06
2021-10-30,Buy,4325.65,1283.32,3.21374e+06
2021-10-31,Buy,4288.07,1283.32,3.21374e+06
2021-11-01,Buy,4324.63,1283.32,3.21374e+06
2021-11-02,Buy,4584.8,1283.32,3.21374e+06
2021-11-03,Buy,4607.19,1283.32,3.21374e+06
2021-11-04,Buy,4537.32,1283.32,3.21374e+06
2021-11-05,Buy,4486.24,1283.32,3.21374e+06
2021-11-06,Buy,4521.58,1283.32,3.21374e+06
2021-11-07,Buy,4620.55,1283.32,3.21374e+06
2021-11-08,Buy,4812.09,1283.32,3.21374e+06
2021-11-09,Buy,4735.07,1283.32,3.21374e+06
2021-11-10,Buy,4636.17,1283.32,3.21374e+06
2021-11-11,Buy,4730.38,1283.32,3.21374e+06
2021-11-12,Buy,4667.12,1283.32,3.21374e+06
2021-11-13,Buy,4651.46,1283.32,3.21374e+06
2021-11-14,Buy,4626.36,1283.32,3.21374e+06
2021-11-15,Buy,4557.5,1283.32,3.21374e+06
2021-11-16,Buy,4216.37,1283.32,3.21374e+06
2021-11-17,Buy,4287.59,1283.32,3.21374e+06
2021-11-18,Sell,4000.65,0,3.21374e+06
2021-11-19,Sell,4298.31,0,3.21374e+06
2021-11-20,Sell,4409.93,0,3.21374e+06
2021-11-21,Sell,4269.73,0,3.21374e+06
2021-11-22,Sell,4088.46,0,3.21374e+06
2021-11-23,Sell,4340.76,0,3.21374e+06
2021-11-24,Sell,4239.98,0,3.21374e+06
2021-11-25,Sell,4274.74,0,3.21374e+06
2021-11-26,Sell,4030.91,0,3.21374e+06
2021-11-27,Buy,4096.91,1253.17,3.21374e+06
2021-11-28,Sell,4294.45,0,3.21374e+06
2021-11-29,Sell,4445.1,0,3.21374e+06
2021-11-30,Sell,4631.48,0,3.21374e+06
2021-12-01,Buy,4586.99,1173.25,3.21374e+06
2021-12-02,Buy,4511.3,1173.25,3.21374e+06
2021-12-03,Buy,4220.71,1173.25,3.21374e+06
2021-12-04,Buy,4119.59,1173.25,3.21374e+06
2021-12-05,Sell,4198.32,0,3.21374e+06
2021-12-06,Sell,4358.74,0,3.21374e+06
2021-12-07,Sell,4315.06,0,3.21374e+06
2021-12-08,Buy,4439.36,1109.55,3.21374e+06
2021-12-09,Sell,4119.82,0,3.21374e+06
2021-12-10,Buy,3908.5,1169.54,3.21374e+06
2021-12-11,Sell,4084.45,0,3.21374e+06
2021-12-12,Sell,4134.45,0,3.21374e+06
2021-12-13,Sell,3784.23,0,3.21374e+06
2021-12-14,Sell,3745.44,0,3.21374e+06
2021-12-15,Sell,4018.39,0,3.21374e+06
2021-12-16,Sell,3962.47,0,3.21374e+06
2021-12-17,Sell,3879.49,0,3.21374e+06
2021-12-18,Sell,3960.86,0,3.21374e+06
2021-12-19,Sell,3922.59,0,3.21374e+06
2021-12-20,Sell,3933.84,0,3.21374e+06
2021-12-21,Sell,4020.26,0,3.21374e+06
2021-12-22,Sell,3982.1,0,3.21374e+06
2021-12-23,Sell,4108.02,0,3.21374e+06
2021-12-24,Sell,4047.98,0,3.21374e+06
2021-12-25,Sell,4093.28,0,3.21374e+06
2021-12-26,Sell,4067.33,0,3.21374e+06
2021-12-27,Sell,4037.55,0,3.21374e+06
2021-12-28,Sell,3800.89,0,3.21374e+06
2021-12-29,Sell,3628.53,0,3.21374e+06
2021-12-30,Sell,3713.85,0,3.21374e+06
2021-12-31,Sell,3682.63,0,3.21374e+06
2022-01-01,Sell,3769.7,0,3.21374e+06
2022-01-02,Sell,3829.56,0,3.21374e+06
2022-01-03,Sell,3761.38,0,3.21374e+06
2022-01-04,Sell,3794.06,0,3.21374e+06
2022-01-05,Sell,3550.39,0,3.21374e+06
2022-01-06,Sell,3418.41,0,3.21374e+06
2022-01-07,Sell,3193.21,0,3.21374e+06
2022-01-08,Sell,3091.97,0,3.21374e+06
2022-01-09,Sell,3157.75,0,3.21374e+06
2022-01-10,Sell,3083.1,0,3.21374e+06
2022-01-11,Sell,3238.11,0,3.21374e+06
2022-01-12,Sell,3372.26,0,3.21374e+06
2022-01-13,Sell,3248.29,0,3.21374e+06
2022-01-14,Sell,3310,0,3.21374e+06
2022-01-15,Sell,3330.53,0,3.21374e+06
2022-01-16,Sell,3350.92,0,3.21374e+06
2022-01-17,Sell,3212.3,0,3.21374e+06
2022-01-18,Sell,3164.03,0,3.21374e+06
2022-01-19,Sell,3095.83,0,3.21374e+06
2022-01-20,Sell,3001.12,0,3.21374e+06
2022-01-21,Sell,2557.93,0,3.21374e+06
2022-01-22,Sell,2405.18,0,3.21374e+06
2022-01-23,Sell,2535.04,0,3.21374e+06
2022-01-24,Sell,2440.35,0,3.21374e+06
2022-01-25,Sell,2455.94,0,3.21374e+06
2022-01-26,Sell,2468.03,0,3.21374e+06
2022-01-27,Sell,2423,0,3.21374e+06
2022-01-28,Sell,2547.09,0,3.21374e+06
2022-01-29,Sell,2597.08,0,3.21374e+06
2022-01-30,Sell,2603.47,0,3.21374e+06
2022-01-31,Sell,2688.28,0,3.21374e+06
2022-02-01,Sell,2792.12,0,3.21374e+06
2022-02-02,Sell,2682.85,0,3.21374e+06
2022-02-03,Sell,2679.16,0,3.21374e+06
2022-02-04,Sell,2983.59,0,3.21374e+06
2022-02-05,Sell,3014.65,0,3.21374e+06
2022-02-06,Buy,3057.48,1562.37,3.21374e+06
2022-02-07,Buy,3142.47,1562.37,3.21374e+06
2022-02-08,Buy,3122.61,1562.37,3.21374e+06
2022-02-09,Buy,3239.46,1562.37,3.21374e+06
2022-02-10,Buy,3077.48,1562.37,3.21374e+06
2022-02-11,Buy,2927.38,1562.37,3.21374e+06
2022-02-12,Buy,2917.36,1562.37,3.21374e+06
2022-02-13,Buy,2883.46,1562.37,3.21374e+06
2022-02-14,Buy,2933.48,1562.37,3.21374e+06
2022-02-15,Buy,3179.88,1562.37,3.21374e+06
2022-02-16,Buy,3127.83,1562.37,3.21374e+06
2022-02-17,Buy,2881.48,1562.37,3.21374e+06
2022-02-18,Buy,2785.73,1562.37,3.21374e+06
2022-02-19,Buy,2763.7,1562.37,3.21374e+06
2022-02-20,Sell,2628.65,0,3.21374e+06
2022-02-21,Sell,2573.82,0,3.21374e+06
2022-02-22,Sell,2639.3,0,3.21374e+06
2022-02-23,Sell,2590.36,0,3.21374e+06
2022-02-24,Sell,2598.07,0,3.21374e+06
2022-02-25,Sell,2764.54,0,3.21374e+06
2022-02-26,Sell,2781.11,0,3.21374e+06
2022-02-27,Sell,2621.8,0,3.21374e+06
2022-02-28,Sell,2919.2,0,3.21374e+06
2022-03-01,Sell,2972.49,0,3.21374e+06
2022-03-02,Buy,2950.12,1392.12,3.21374e+06
2022-03-03,Buy,2834.47,1392.12,3.21374e+06
2022-03-04,Buy,2617.16,1392.12,3.21374e+06
2022-03-05,Sell,2664.83,0,3.21374e+06
2022-03-06,Sell,2555.04,0,3.21374e+06
2022-03-07,Sell,2497.77,0,3.21374e+06
2022-03-08,Sell,2576.75,0,3.21374e+06
2022-03-09,Sell,2729.78,0,3.21374e+06
2022-03-10,Sell,2608.05,0,3.21374e+06
2022-03-11,Sell,2559.56,0,3.21374e+06
2022-03-12,Sell,2574.75,0,3.21374e+06
2022-03-13,Sell,2518.94,0,3.21374e+06
2022-03-14,Sell,2590.7,0,3.21374e+06
2022-03-15,Sell,2620.15,0,3.21374e+06
2022-03-16,Sell,2772.06,0,3.21374e+06
2022-03-17,Sell,2814.85,0,3.21374e+06
2022-03-18,Buy,2945.34,1259.54,3.21374e+06
2022-03-19,Buy,2946.26,1259.54,3.21374e+06
2022-03-20,Buy,2860.46,1259.54,3.21374e+06
2022-03-21,Buy,2897.98,1259.54,3.21374e+06
2022-03-22,Buy,2973.13,1259.54,3.21374e+06
2022-03-23,Buy,3031.07,1259.54,3.21374e+06
2022-03-24,Buy,3108.06,1259.54,3.21374e+06
2022-03-25,Buy,3106.67,1259.54,3.21374e+06
2022-03-26,Buy,3143.18,1259.54,3.21374e+06
2022-03-27,Buy,3291.58,1259.54,3.21374e+06
2022-03-28,Buy,3336.63,1259.54,3.21374e+06
2022-03-29,Buy,3401.99,1259.54,3.21374e+06
2022-03-30,Buy,3385.16,1259.54,3.21374e+06
2022-03-31,Buy,3281.64,1259.54,3.21374e+06
2022-04-01,Buy,3449.55,1259.54,3.21374e+06
2022-04-02,Buy,3445.06,1259.54,3.21374e+06
2022-04-03,Buy,3522.83,1259.54,3.21374e+06
2022-04-04,Buy,3521.24,1259.54,3.21374e+06
2022-04-05,Buy,3411.79,1259.54,3.21374e+06
2022-04-06,Buy,3171.69,1259.54,3.21374e+06
2022-04-07,Buy,3233.27,1259.54,3.21374e+06
2022-04-08,Buy,3192.07,1259.54,3.21374e+06
2022-04-09,Buy,3261.92,1259.54,3.21374e+06
2022-04-10,Buy,3211.87,1259.54,3.21374e+06
2022-04-11,Buy,2981.05,1259.54,3.21374e+06
2022-04-12,Buy,3030.38,1259.54,3.21374e+06
2022-04-13,Sell,3118.34,0,3.21374e+06
2022-04-14,Sell,3019.91,0,3.21374e+06
2022-04-15,Sell,3040.92,0,3.21374e+06
2022-04-16,Sell,3062.31,0,3.21374e+06
2022-04-17,Sell,2993.4,0,3.21374e+06
2022-04-18,Sell,3057.61,0,3.21374e+06
2022-04-19,Sell,3104.11,0,3.21374e+06
2022-04-20,Sell,3077.75,0,3.21374e+06
2022-04-21,Sell,2987.48,0,3.21374e+06
2022-04-22,Sell,2964.84,0,3.21374e+06
2022-04-23,Sell,2938.11,0,3.21374e+06
2022-04-24,Sell,2922.73,0,3.21374e+06
2022-04-25,Sell,3009.39,0,3.21374e+06
2022-04-26,Sell,2808.3,0,3.21374e+06
2022-04-27,Sell,2888.93,0,3.21374e+06
2022-04-28,Sell,2936.94,0,3.21374e+06
2022-04-29,Sell,2815.6,0,3.21374e+06
2022-04-30,Sell,2730.19,0,3.21374e+06
2022-05-01,Sell,2827.76,0,3.21374e+06
2022-05-02,Sell,2857.41,0,3.21374e+06
2022-05-03,Sell,2783.48,0,3.21374e+06
2022-05-04,Sell,2940.64,0,3.21374e+06
2022-05-05,Sell,2749.21,0,3.21374e+06
2022-05-06,Sell,2694.98,0,3.21374e+06
2022-05-07,Sell,2636.09,0,3.21374e+06
2022-05-08,Sell,2517.46,0,3.21374e+06
2022-05-09,Sell,2245.43,0,3.21374e+06
2022-05-10,Sell,2343.51,0,3.21374e+06
2022-05-11,Sell,2072.11,0,3.21374e+06
2022-05-12,Sell,1961.7,0,3.21374e+06
2022-05-13,Sell,2014.42,0,3.21374e+06
2022-05-14,Sell,2056.27,0,3.21374e+06
2022-05-15,Sell,2145.71,0,3.21374e+06
2022-05-16,Sell,2022.73,0,3.21374e+06
2022-05-17,Sell,2090.41,0,3.21374e+06
2022-05-18,Sell,1916.66,0,3.21374e+06
2022-05-19,Sell,2018.34,0,3.21374e+06
2022-05-20,Sell,1961.32,0,3.21374e+06
2022-05-21,Sell,1974.52,0,3.21374e+06
2022-05-22,Sell,2043.17,0,3.21374e+06
2022-05-23,Sell,1972.18,0,3.21374e+06
2022-05-24,Sell,1978.98,0,3.21374e+06
2022-05-25,Sell,1944.83,0,3.21374e+06
2022-05-26,Sell,1803.91,0,3.21374e+06
2022-05-27,Sell,1724.92,0,3.21374e+06
2022-05-28,Sell,1757.94,0,3.21374e+06
2022-05-29,Sell,1812.03,0,3.21374e+06
2022-05-30,Sell,1996.44,0,3.21374e+06
2022-05-31,Sell,1942.33,0,3.21374e+06
2022-06-01,Sell,1823.57,0,3.21374e+06
2022-06-02,Sell,1834.15,0,3.21374e+06
2022-06-03,Sell,1775.08,0,3.21374e+06
2022-06-04,Sell,1801.61,0,3.21374e+06
2022-06-05,Sell,1805.2,0,3.21374e+06
2022-06-06,Sell,1859.29,0,3.21374e+06
2022-06-07,Sell,1814.05,0,3.21374e+06
2022-06-08,Sell,1793.57,0,3.21374e+06
2022-06-09,Sell,1789.83,0,3.21374e+06
2022-06-10,Sell,1665.04,0,3.21374e+06
2022-06-11,Sell,1529.66,0,3.21374e+06
2022-06-12,Sell,1445.22,0,3.21374e+06
2022-06-13,Sell,1204.58,0,3.21374e+06
2022-06-14,Sell,1211.66,0,3.21374e+06
2022-06-15,Sell,1233.21,0,3.21374e+06
2022-06-16,Sell,1067.73,0,3.21374e+06
2022-06-17,Sell,1086.52,0,3.21374e+06
2022-06-18,Sell,993.637,0,3.21374e+06
2022-06-19,Sell,1127.66,0,3.21374e+06
2022-06-20,Sell,1127.64,0,3.21374e+06
2022-06-21,Sell,1124.82,0,3.21374e+06
2022-06-22,Sell,1051.42,0,3.21374e+06
2022-06-23,Sell,1143.39,0,3.21374e+06
2022-06-24,Sell,1226.84,0,3.21374e+06
2022-06-25,Sell,1243.45,0,3.21374e+06
2022-06-26,Sell,1199.83,0,3.21374e+06
2022-06-27,Sell,1193.68,0,3.21374e+06
2022-06-28,Sell,1144.58,0,3.21374e+06
2022-06-29,Sell,1098.94,0,3.21374e+06
2022-06-30,Sell,1067.3,0,3.21374e+06
2022-07-01,Sell,1059.77,0,3.21374e+06
2022-07-02,Sell,1066.51,0,3.21374e+06
2022-07-03,Sell,1073.77,0,3.21374e+06
2022-07-04,Sell,1151.06,0,3.21374e+06
2022-07-05,Sell,1134.54,0,3.21374e+06
2022-07-06,Sell,1186.97,0,3.21374e+06
2022-07-07,Sell,1237.59,0,3.21374e+06
2022-07-08,Buy,1222.51,3212.81,3.21374e+06
2022-07-09,Buy,1216.98,3212.81,3.21374e+06
2022-07-10,Buy,1168.4,3212.81,3.21374e+06
2022-07-11,Buy,1097.24,3212.81,3.21374e+06
2022-07-12,Buy,1038.19,3212.81,3.21374e+06
2022-07-13,Sell,1113.59,0,3.21374e+06
2022-07-14,Sell,1191.53,0,3.21374e+06
2022-07-15,Sell,1233.13,0,3.21374e+06
2022-07-16,Buy,1352.63,2645.03,3.21374e+06
2022-07-17,Buy,1338.64,2645.03,3.21374e+06
2022-07-18,Buy,1578.72,2645.03,3.21374e+06
2022-07-19,Buy,1542.98,2645.03,3.21374e+06
2022-07-20,Buy,1520.2,2645.03,3.21374e+06
2022-07-21,Buy,1576.75,2645.03,3.21374e+06
2022-07-22,Buy,1537.41,2645.03,3.21374e+06
2022-07-23,Buy,1549.3,2645.03,3.21374e+06
2022-07-24,Buy,1599.48,2645.03,3.21374e+06
2022-07-25,Buy,1445.38,2645.03,3.21374e+06
2022-07-26,Buy,1441.81,2645.03,3.21374e+06
2022-07-27,Buy,1636.23,2645.03,3.21374e+06
2022-07-28,Buy,1725.47,2645.03,3.21374e+06
2022-07-29,Buy,1727.41,2645.03,3.21374e+06
2022-07-30,Buy,1695.97,2645.03,3.21374e+06
2022-07-31,Buy,1681.52,2645.03,3.21374e+06
2022-08-01,Buy,1635.2,2645.03,3.21374e+06
2022-08-02,Buy,1632.95,2645.03,3.21374e+06
2022-08-03,Buy,1618.87,2645.03,3.21374e+06
2022-08-04,Buy,1608.21,2645.03,3.21374e+06
2022-08-05,Buy,1732.25,2645.03,3.21374e+06
2022-08-06,Buy,1691.66,2645.03,3.21374e+06
2022-08-07,Buy,1699.35,2645.03,3.21374e+06
2022-08-08,Buy,1775.52,2645.03,3.21374e+06
2022-08-09,Buy,1703.03,2645.03,3.21374e+06
2022-08-10,Buy,1851.74,2645.03,3.21374e+06
2022-08-11,Buy,1881.22,2645.03,3.21374e+06
2022-08-12,Buy,1957.25,2645.03,3.21374e+06
2022-08-13,Buy,1981.34,2645.03,3.21374e+06
2022-08-14,Buy,1936.8,2645.03,3.21374e+06
2022-08-15,Buy,1904.23,2645.03,3.21374e+06
2022-08-16,Buy,1878.14,2645.03,3.21374e+06
2022-08-17,Buy,1833,2645.03,3.21374e+06
2022-08-18,Buy,1847.01,2645.03,3.21374e+06
2022-08-19,Buy,1612.99,2645.03,3.21374e+06
2022-08-20,Buy,1577,2645.03,3.21374e+06
2022-08-21,Sell,1619.32,0,3.21374e+06
2022-08-22,Sell,1622.51,0,3.21374e+06
2022-08-23,Sell,1662.77,0,3.21374e+06
2022-08-24,Sell,1657.06,0,3.21374e+06
2022-08-25,Sell,1696.46,0,3.21374e+06
2022-08-26,Sell,1507.78,0,3.21374e+06
2022-08-27,Sell,1491.4,0,3.21374e+06
2022-08-28,Sell,1430.55,0,3.21374e+06
2022-08-29,Sell,1553.04,0,3.21374e+06
2022-08-30,Sell,1523.84,0,3.21374e+06
2022-08-31,Sell,1553.68,0,3.21374e+06
2022-09-01,Sell,1586.18,0,3.21374e+06
2022-09-02,Sell,1577.22,0,3.21374e+06
2022-09-03,Sell,1556.87,0,3.21374e+06
2022-09-04,Sell,1577.64,0,3.21374e+06
2022-09-05,Sell,1617.18,0,3.21374e+06
2022-09-06,Sell,1561.75,0,3.21374e+06
2022-09-07,Sell,1629.91,0,3.21374e+06
2022-09-08,Sell,1635.35,0,3.21374e+06
2022-09-09,Sell,1719.09,0,3.21374e+06
2022-09-10,Buy,1776.2,2411.41,3.21374e+06
2022-09-11,Buy,1761.8,2411.41,3.21374e+06
2022-09-12,Buy,1713.77,2411.41,3.21374e+06
2022-09-13,Buy,1580.79,2411.41,3.21374e+06
2022-09-14,Buy,1634.76,2411.41,3.21374e+06
2022-09-15,Sell,1471.69,0,3.21374e+06
2022-09-16,Buy,1432.45,2477.48,3.21374e+06
2022-09-17,Sell,1469.74,0,3.21374e+06
2022-09-18,Sell,1335.33,0,3.21374e+06
2022-09-19,Sell,1377.54,0,3.21374e+06
2022-09-20,Sell,1324.39,0,3.21374e+06
2022-09-21,Sell,1252.61,0,3.21374e+06
2022-09-22,Sell,1327.68,0,3.21374e+06
2022-09-23,Sell,1328.26,0,3.21374e+06
2022-09-24,Sell,1317.99,0,3.21374e+06
2022-09-25,Sell,1294.22,0,3.21374e+06
2022-09-26,Sell,1335.32,0,3.21374e+06
2022-09-27,Sell,1330.13,0,3.21374e+06
2022-09-28,Sell,1337.41,0,3.21374e+06
2022-09-29,Sell,1335.65,0,3.21374e+06
2022-09-30,Sell,1327.98,0,3.21374e+06
2022-10-01,Sell,1311.64,0,3.21374e+06
2022-10-02,Sell,1276.09,0,3.21374e+06
2022-10-03,Sell,1323.44,0,3.21374e+06
2022-10-04,Sell,1362.13,0,3.21374e+06
2022-10-05,Sell,1352.84,0,3.21374e+06
2022-10-06,Sell,1351.71,0,3.21374e+06
2022-10-07,Sell,1332.52,0,3.21374e+06
2022-10-08,Sell,1315.5,0,3.21374e+06
2022-10-09,Sell,1322.6,0,3.21374e+06
2022-10-10,Sell,1291.34,0,3.21374e+06
2022-10-11,Sell,1279.58,0,3.21374e+06
2022-10-12,Sell,1294.91,0,3.21374e+06
2022-10-13,Sell,1288.12,0,3.21374e+06
2022-10-14,Sell,1297.42,0,3.21374e+06
2022-10-15,Sell,1274.87,0,3.21374e+06
2022-10-16,Sell,1306.3,0,3.21374e+06
2022-10-17,Sell,1331.71,0,3.21374e+06
2022-10-18,Sell,1310.45,0,3.21374e+06
2022-10-19,Buy,1285.74,2832.02,3.21374e+06
2022-10-20,Sell,1283.2,0,3.21374e+06
2022-10-21,Sell,1299.95,0,3.21374e+06
2022-10-22,Sell,1314.3,0,3.21374e+06
2022-10-23,Sell,1363.45,0,3.21374e+06
2022-10-24,Buy,1345,2701.9,3.21374e+06
2022-10-25,Buy,1461.67,2701.9,3.21374e+06
2022-10-26,Buy,1566.57,2701.9,3.21374e+06
2022-10-27,Buy,1514.37,2701.9,3.21374e+06
2022-10-28,Buy,1555.48,2701.9,3.21374e+06
2022-10-29,Buy,1619.7,2701.9,3.21374e+06
2022-10-30,Buy,1590.78,2701.9,3.21374e+06
2022-10-31,Buy,1572.71,2701.9,3.21374e+06
2022-11-01,Buy,1579.7,2701.9,3.21374e+06
2022-11-02,Buy,1519.71,2701.9,3.21374e+06
2022-11-03,Buy,1531.54,2701.9,3.21374e+06
2022-11-04,Buy,1645.09,2701.9,3.21374e+06
2022-11-05,Buy,1627.97,2701.9,3.21374e+06
2022-11-06,Buy,1572.23,2701.9,3.21374e+06
2022-11-07,Buy,1568.59,2701.9,3.21374e+06
2022-11-08,Buy,1332.84,2701.9,3.21374e+06
2022-11-09,Buy,1100.17,2701.9,3.21374e+06
2022-11-10,Sell,1299.46,0,3.21374e+06
2022-11-11,Sell,1287.22,0,3.21374e+06
2022-11-12,Sell,1255.27,0,3.21374e+06
2022-11-13,Sell,1221.82,0,3.21374e+06
2022-11-14,Sell,1241.6,0,3.21374e+06
2022-11-15,Sell,1251.74,0,3.21374e+06
2022-11-16,Sell,1215.6,0,3.21374e+06
2022-11-17,Sell,1200.81,0,3.21374e+06
2022-11-18,Sell,1212.3,0,3.21374e+06
2022-11-19,Sell,1218.43,0,3.21374e+06
2022-11-20,Sell,1142.47,0,3.21374e+06
2022-11-21,Sell,1108.35,0,3.21374e+06
2022-11-22,Sell,1135.17,0,3.21374e+06
2022-11-23,Sell,1183.2,0,3.21374e+06
2022-11-24,Sell,1203.98,0,3.21374e+06
2022-11-25,Sell,1198.93,0,3.21374e+06
2022-11-26,Sell,1205.9,0,3.21374e+06
2022-11-27,Sell,1195.13,0,3.21374e+06
2022-11-28,Sell,1170.09,0,3.21374e+06
2022-11-29,Sell,1216.9,0,3.21374e+06
2022-11-30,Sell,1295.69,0,3.21374e+06
2022-12-01,Sell,1276.27,0,3.21374e+06
2022-12-02,Buy,1294.3,2712.67,3.21374e+06
2022-12-03,Buy,1243.33,2712.67,3.21374e+06
2022-12-04,Buy,1280.26,2712.67,3.21374e+06
2022-12-05,Buy,1259.68,2712.67,3.21374e+06
2022-12-06,Buy,1271.65,2712.67,3.21374e+06
2022-12-07,Buy,1232.44,2712.67,3.21374e+06
2022-12-08,Buy,1281.12,2712.67,3.21374e+06
2022-12-09,Buy,1264.28,2712.67,3.21374e+06
2022-12-10,Buy,1266.38,2712.67,3.21374e+06
2022-12-11,Buy,1263.87,2712.67,3.21374e+06
2022-12-12,Buy,1274.62,2712.67,3.21374e+06
2022-12-13,Buy,1320.55,2712.67,3.21374e+06
2022-12-14,Buy,1309.33,2712.67,3.21374e+06
2022-12-15,Buy,1266.35,2712.67,3.21374e+06
2022-12-16,Buy,1168.26,2712.67,3.21374e+06
2022-12-17,Buy,1188.15,2712.67,3.21374e+06
2022-12-18,Sell,1184.72,0,3.21374e+06
2022-12-19,Sell,1167.61,0,3.21374e+06
2022-12-20,Sell,1217.7,0,3.21374e+06
2022-12-21,Sell,1213.6,0,3.21374e+06
2022-12-22,Sell,1218.18,0,3.21374e+06
2022-12-23,Sell,1220.16,0,3.21374e+06
2022-12-24,Sell,1221.15,0,3.21374e+06
2022-12-25,Sell,1218.96,0,3.21374e+06
2022-12-26,Sell,1226.97,0,3.21374e+06
2022-12-27,Sell,1212.79,0,3.21374e+06
2022-12-28,Sell,1189.99,0,3.21374e+06
2022-12-29,Sell,1201.6,0,3.21374e+06
2022-12-30,Sell,1199.23,0,3.21374e+06
2022-12-31,Sell,1196.77,0,3.21374e+06
